Workbook

Sheet Liste des courses
A1: Liste des courses – remplie automatiquement, ajustable à la main
A2: Les quantités calculées viennent des plats « Oui » et des articles d’hygiène « Oui ». Pour changer ce que vous achetez, tapez une quantité dans les colonnes jaunes « Qté à acheter (manuel) » : seul cet onglet change. Videz la cellule pour revenir au calcul automatique. Astuce : filtrez « Qté finale » pour masquer les lignes à 0.
B4: Total alimentation | C4: =SUM(K9:K90) -> 574.1121 | E4: Total calculé (sans ajustements) | G4: =SUMPRODUCT(F9:F90,J9:J90)+SUMPRODUCT(R9:R34,U9:U34) -> 718.0221
B5: Total hygiène & entretien | C5: =SUM(V9:V34) -> 143.91 | E5: Écart dû aux ajustements | G5: =C6-G4 -> 0
B6: TOTAL DES COURSES | C6: =C4+C5 -> 718.0221
A7: ALIMENTATION | N7: HYGIÈNE & ENTRETIEN
A8: n° | B8: Ingrédient | C8: En tounsi | D8: Qté recettes | E8: Unité | F8: Qté calculée | G8: Qté à acheter (manuel) | H8: Qté finale | I8: Unité d’achat | J8: Prix unitaire (DT) | K8: Coût (DT) | L8: ✓ | N8: n° | O8: Produit | P8: En tounsi | Q8: Format | R8: Qté prévue | S8: Qté à acheter (manuel) | T8: Qté finale | U8: Prix unitaire (DT) | V8: Coût (DT) | W8: ✓
A9: =IF($B9="","",1) -> 1 | B9: =IF(Listes!A1="","",Listes!A1) -> Escalopes de poulet | C9: =IF($B9="","",IFERROR(INDEX('Liste des ingrédients'!$C$5:$C$98,MATCH($B9,'Liste des ingrédients'!$B$5:$B$98,0)),"")) -> إسكالوب دجاج (escalope djej) | D9: =IF($B9="","",Listes!E1) -> 1800 | E9: =IF($B9="","",IF(I9="kg","g",IF(I9="L","ml",I9))) -> g | F9: =IF($B9="",0,IF(OR(I9="kg",I9="L"),ROUND(D9/1000,3),ROUNDUP(D9,0))) -> 1.8 | H9: =IF(G9="",F9,G9) -> 1.8 | I9: =IF($B9="","",IFERROR(INDEX('Liste des ingrédients'!$G$5:$G$98,MATCH($B9,'Liste des ingrédients'!$B$5:$B$98,0)),"")) -> kg | J9: =IF($B9="",0,IFERROR(INDEX('Liste des ingrédients'!$H$5:$H$98,MATCH($B9,'Liste des ingrédients'!$B$5:$B$98,0)),0)) -> 19.4 | K9: =IF($B9="",0,H9*J9) -> 34.92 | N9: =IF($O9="","",1) -> 1 | O9: =IF('Hygiène & entretien'!B6="","",'Hygiène & entretien'!B6) -> Savon de toilette | P9: =IF(O9="","",'Hygiène & entretien'!C6&"") -> صابون (saboun) | Q9: =IF(O9="","",'Hygiène & entretien'!D6&"") -> pain de 100 g | R9: =IF(O9="",0,IF('Hygiène & entretien'!E6="Oui",N('Hygiène & entretien'!F6),0)) -> 4 | T9: =IF(S9="",R9,S9) -> 4 | U9: =IF(O9="",0,N('Hygiène & entretien'!G6)) -> 1.8 | V9: =T9*U9 -> 7.2
A10: =IF($B10="","",2) -> 2 | B10: =IF(Listes!A2="","",Listes!A2) -> Cuisses de poulet | C10: =IF($B10="","",IFERROR(INDEX('Liste des ingrédients'!$C$5:$C$98,MATCH($B10,'Liste des ingrédients'!$B$5:$B$98,0)),"")) -> فخاذ دجاج (fkhadh djej) | D10: =IF($B10="","",Listes!E2) -> 3100 | E10: =IF($B10="","",IF(I10="kg","g",IF(I10="L","ml",I10))) -> g | F10: =IF($B10="",0,IF(OR(I10="kg",I10="L"),ROUND(D10/1000,3),ROUNDUP(D10,0))) -> 3.1 | H10: =IF(G10="",F10,G10) -> 3.1 | I10: =IF($B10="","",IFERROR(INDEX('Liste des ingrédients'!$G$5:$G$98,MATCH($B10,'Liste des ingrédients'!$B$5:$B$98,0)),"")) -> kg | J10: =IF($B10="",0,IFERROR(INDEX('Liste des ingrédients'!$H$5:$H$98,MATCH($B10,'Liste des ingrédients'!$B$5:$B$98,0)),0)) -> 14.9 | K10: =IF($B10="",0,H10*J10) -> 46.19 | N10: =IF($O10="","",2) -> 2 | O10: =IF('Hygiène & entretien'!B7="","",'Hygiène & entretien'!B7) -> Savon liquide pour les mains | P10: =IF(O10="","",'Hygiène & entretien'!C7&"") -> صابون سائل (saboun sayel) | Q10: =IF(O10="","",'Hygiène & entretien'!D7&"") -> flacon 1 L | R10: =IF(O10="",0,IF('Hygiène & entretien'!E7="Oui",N('Hygiène & entretien'!F7),0)) -> 1 | T10: =IF(S10="",R10,S10) -> 1 | U10: =IF(O10="",0,N('Hygiène & entretien'!G7)) -> 8.99 | V10: =T10*U10 -> 8.99
A11: =IF($B11="","",3) -> 3 | B11: =IF(Listes!A3="","",Listes!A3) -> Morceaux de poulet (pilons, hauts de cuisse) | C11: =IF($B11="","",IFERROR(INDEX('Liste des ingrédients'!$C$5:$C$98,MATCH($B11,'Liste des ingrédients'!$B$5:$B$98,0)),"")) -> طرف دجاج (traf djej) | D11: =IF($B11="","",Listes!E3) -> 1400 | E11: =IF($B11="","",IF(I11="kg","g",IF(I11="L","ml",I11))) -> g | F11: =IF($B11="",0,IF(OR(I11="kg",I11="L"),ROUND(D11/1000,3),ROUNDUP(D11,0))) -> 1.4 | H11: =IF(G11="",F11,G11) -> 1.4 | I11: =IF($B11="","",IFERROR(INDEX('Liste des ingrédients'!$G$5:$G$98,MATCH($B11,'Liste des ingrédients'!$B$5:$B$98,0)),"")) -> kg | J11: =IF($B11="",0,IFERROR(INDEX('Liste des ingrédients'!$H$5:$H$98,MATCH($B11,'Liste des ingrédients'!$B$5:$B$98,0)),0)) -> 14.9 | K11: =IF($B11="",0,H11*J11) -> 20.86 | N11: =IF($O11="","",3) -> 3 | O11: =IF('Hygiène & entretien'!B8="","",'Hygiène & entretien'!B8) -> Shampooing 2 en 1 | P11: =IF(O11="","",'Hygiène & entretien'!C8&"") -> شامبوان (shampoing) | Q11: =IF(O11="","",'Hygiène & entretien'!D8&"") -> flacon 400 ml | R11: =IF(O11="",0,IF('Hygiène & entretien'!E8="Oui",N('Hygiène & entretien'!F8),0)) -> 2 | T11: =IF(S11="",R11,S11) -> 2 | U11: =IF(O11="",0,N('Hygiène & entretien'!G8)) -> 5.65 | V11: =T11*U11 -> 11.3
A12: =IF($B12="","",4) -> 4 | B12: =IF(Listes!A4="","",Listes!A4) -> Blanc de poulet | C12: =IF($B12="","",IFERROR(INDEX('Liste des ingrédients'!$C$5:$C$98,MATCH($B12,'Liste des ingrédients'!$B$5:$B$98,0)),"")) -> صدر دجاج (sedr djej) | D12: =IF($B12="","",Listes!E4) -> 650 | E12: =IF($B12="","",IF(I12="kg","g",IF(I12="L","ml",I12))) -> g | F12: =IF($B12="",0,IF(OR(I12="kg",I12="L"),ROUND(D12/1000,3),ROUNDUP(D12,0))) -> 0.65 | H12: =IF(G12="",F12,G12) -> 0.65 | I12: =IF($B12="","",IFERROR(INDEX('Liste des ingrédients'!$G$5:$G$98,MATCH($B12,'Liste des ingrédients'!$B$5:$B$98,0)),"")) -> kg | J12: =IF($B12="",0,IFERROR(INDEX('Liste des ingrédients'!$H$5:$H$98,MATCH($B12,'Liste des ingrédients'!$B$5:$B$98,0)),0)) -> 19.4 | K12: =IF($B12="",0,H12*J12) -> 12.61 | N12: =IF($O12="","",4) -> 4 | O12: =IF('Hygiène & entretien'!B9="","",'Hygiène & entretien'!B9) -> Dentifrice | P12: =IF(O12="","",'Hygiène & entretien'!C9&"") -> معجون سنين (ma3joun snin) | Q12: =IF(O12="","",'Hygiène & entretien'!D9&"") -> tube 75 ml | R12: =IF(O12="",0,IF('Hygiène & entretien'!E9="Oui",N('Hygiène & entretien'!F9),0)) -> 2 | T12: =IF(S12="",R12,S12) -> 2 | U12: =IF(O12="",0,N('Hygiène & entretien'!G9)) -> 2.99 | V12: =T12*U12 -> 5.98
A13: =IF($B13="","",5) -> 5 | B13: =IF(Listes!A5="","",Listes!A5) -> Poulet pour spaghetti | C13: =IF($B13="","",IFERROR(INDEX('Liste des ingrédients'!$C$5:$C$98,MATCH($B13,'Liste des ingrédients'!$B$5:$B$98,0)),"")) -> دجاج (djej) | D13: =IF($B13="","",Listes!E5) -> 1000 | E13: =IF($B13="","",IF(I13="kg","g",IF(I13="L","ml",I13))) -> g | F13: =IF($B13="",0,IF(OR(I13="kg",I13="L"),ROUND(D13/1000,3),ROUNDUP(D13,0))) -> 1 | H13: =IF(G13="",F13,G13) -> 1 | I13: =IF($B13="","",IFERROR(INDEX('Liste des ingrédients'!$G$5:$G$98,MATCH($B13,'Liste des ingrédients'!$B$5:$B$98,0)),"")) -> kg | J13: =IF($B13="",0,IFERROR(INDEX('Liste des ingrédients'!$H$5:$H$98,MATCH($B13,'Liste des ingrédients'!$B$5:$B$98,0)),0)) -> 14.9 | K13: =IF($B13="",0,H13*J13) -> 14.9 | N13: =IF($O13="","",5) -> 5 | O13: =IF('Hygiène & entretien'!B10="","",'Hygiène & entretien'!B10) -> Brosses à dents | P13: =IF(O13="","",'Hygiène & entretien'!C10&"") -> فرشة سنين (forchet snin) | Q13: =IF(O13="","",'Hygiène & entretien'!D10&"") -> pièce | R13: =IF(O13="",0,IF('Hygiène & entretien'!E10="Oui",N('Hygiène & entretien'!F10),0)) -> 4 | T13: =IF(S13="",R13,S13) -> 4 | U13: =IF(O13="",0,N('Hygiène & entretien'!G10)) -> 1.59 | V13: =T13*U13 -> 6.36
A14: =IF($B14="","",6) -> 6 | B14: =IF(Listes!A6="","",Listes!A6) -> Bœuf à mijoter | C14: =IF($B14="","",IFERROR(INDEX('Liste des ingrédients'!$C$5:$C$98,MATCH($B14,'Liste des ingrédients'!$B$5:$B$98,0)),"")) -> لحم بقري (lham bagri) | D14: =IF($B14="","",Listes!E6) -> 1300 | E14: =IF($B14="","",IF(I14="kg","g",IF(I14="L","ml",I14))) -> g | F14: =IF($B14="",0,IF(OR(I14="kg",I14="L"),ROUND(D14/1000,3),ROUNDUP(D14,0))) -> 1.3 | H14: =IF(G14="",F14,G14) -> 1.3 | I14: =IF($B14="","",IFERROR(INDEX('Liste des ingrédients'!$G$5:$G$98,MATCH($B14,'Liste des ingrédients'!$B$5:$B$98,0)),"")) -> kg | J14: =IF($B14="",0,IFERROR(INDEX('Liste des ingrédients'!$H$5:$H$98,MATCH($B14,'Liste des ingrédients'!$B$5:$B$98,0)),0)) -> 47.5 | K14: =IF($B14="",0,H14*J14) -> 61.75 | N14: =IF($O14="","",6) -> 6 | O14: =IF('Hygiène & entretien'!B11="","",'Hygiène & entretien'!B11) -> Papier hygiénique | P14: =IF(O14="","",'Hygiène & entretien'!C11&"") -> كاغط توالات (kaghet twalet) | Q14: =IF(O14="","",'Hygiène & entretien'!D11&"") -> paquet de 12 rouleaux | R14: =IF(O14="",0,IF('Hygiène & entretien'!E11="Oui",N('Hygiène & entretien'!F11),0)) -> 2 | T14: =IF(S14="",R14,S14) -> 2 | U14: =IF(O14="",0,N('Hygiène & entretien'!G11)) -> 8.99 | V14: =T14*U14 -> 17.98
A15: =IF($B15="","",7) -> 7 | B15: =IF(Listes!A7="","",Listes!A7) -> Agneau | C15: =IF($B15="","",IFERROR(INDEX('Liste des ingrédients'!$C$5:$C$98,MATCH($B15,'Liste des ingrédients'!$B$5:$B$98,0)),"")) -> لحم علوش (lham 3allouch) | D15: =IF($B15="","",Listes!E7) -> 400 | E15: =IF($B15="","",IF(I15="kg","g",IF(I15="L","ml",I15))) -> g | F15: =IF($B15="",0,IF(OR(I15="kg",I15="L"),ROUND(D15/1000,3),ROUNDUP(D15,0))) -> 0.4 | H15: =IF(G15="",F15,G15) -> 0.4 | I15: =IF($B15="","",IFERROR(INDEX('Liste des ingrédients'!$G$5:$G$98,MATCH($B15,'Liste des ingrédients'!$B$5:$B$98,0)),"")) -> kg | J15: =IF($B15="",0,IFERROR(INDEX('Liste des ingrédients'!$H$5:$H$98,MATCH($B15,'Liste des ingrédients'!$B$5:$B$98,0)),0)) -> 60 | K15: =IF($B15="",0,H15*J15) -> 24 | N15: =IF($O15="","",7) -> 7 | O15: =IF('Hygiène & entretien'!B12="","",'Hygiène & entretien'!B12) -> Déodorant | P15: =IF(O15="","",'Hygiène & entretien'!C12&"") -> ديودوران (déodorant) | Q15: =IF(O15="","",'Hygiène & entretien'!D12&"") -> flacon 150 ml | R15: =IF(O15="",0,IF('Hygiène & entretien'!E12="Oui",N('Hygiène & entretien'!F12),0)) -> 2 | T15: =IF(S15="",R15,S15) -> 2 | U15: =IF(O15="",0,N('Hygiène & entretien'!G12)) -> 7 | V15: =T15*U15 -> 14
A16: =IF($B16="","",8) -> 8 | B16: =IF(Listes!A8="","",Listes!A8) -> Viande hachée | C16: =IF($B16="","",IFERROR(INDEX('Liste des ingrédients'!$C$5:$C$98,MATCH($B16,'Liste des ingrédients'!$B$5:$B$98,0)),"")) -> لحم مرحي (lham mor7i) | D16: =IF($B16="","",Listes!E8) -> 300 | E16: =IF($B16="","",IF(I16="kg","g",IF(I16="L","ml",I16))) -> g | F16: =IF($B16="",0,IF(OR(I16="kg",I16="L"),ROUND(D16/1000,3),ROUNDUP(D16,0))) -> 0.3 | H16: =IF(G16="",F16,G16) -> 0.3 | I16: =IF($B16="","",IFERROR(INDEX('Liste des ingrédients'!$G$5:$G$98,MATCH($B16,'Liste des ingrédients'!$B$5:$B$98,0)),"")) -> kg | J16: =IF($B16="",0,IFERROR(INDEX('Liste des ingrédients'!$H$5:$H$98,MATCH($B16,'Liste des ingrédients'!$B$5:$B$98,0)),0)) -> 45 | K16: =IF($B16="",0,H16*J16) -> 13.5 | N16: =IF($O16="","",8) -> 8 | O16: =IF('Hygiène & entretien'!B13="","",'Hygiène & entretien'!B13) -> Serviettes hygiéniques (selon besoin) | P16: =IF(O16="","",'Hygiène & entretien'!C13&"") -> فوطة صحية (fouta si77iya) | Q16: =IF(O16="","",'Hygiène & entretien'!D13&"") -> paquet | R16: =IF(O16="",0,IF('Hygiène & entretien'!E13="Oui",N('Hygiène & entretien'!F13),0)) -> 2 | T16: =IF(S16="",R16,S16) -> 2 | U16: =IF(O16="",0,N('Hygiène & entretien'!G13)) -> 4.5 | V16: =T16*U16 -> 9
A17: =IF($B17="","",9) -> 9 | B17: =IF(Listes!A9="","",Listes!A9) -> Foie | C17: =IF($B17="","",IFERROR(INDEX('Liste des ingrédients'!$C$5:$C$98,MATCH($B17,'Liste des ingrédients'!$B$5:$B$98,0)),"")) -> كبدة (kebda) | D17: =IF($B17="","",Listes!E9) -> 700 | E17: =IF($B17="","",IF(I17="kg","g",IF(I17="L","ml",I17))) -> g | F17: =IF($B17="",0,IF(OR(I17="kg",I17="L"),ROUND(D17/1000,3),ROUNDUP(D17,0))) -> 0.7 | H17: =IF(G17="",F17,G17) -> 0.7 | I17: =IF($B17="","",IFERROR(INDEX('Liste des ingrédients'!$G$5:$G$98,MATCH($B17,'Liste des ingrédients'!$B$5:$B$98,0)),"")) -> kg | J17: =IF($B17="",0,IFERROR(INDEX('Liste des ingrédients'!$H$5:$H$98,MATCH($B17,'Liste des ingrédients'!$B$5:$B$98,0)),0)) -> 45 | K17: =IF($B17="",0,H17*J17) -> 31.5 | N17: =IF($O17="","",9) -> 9 | O17: =IF('Hygiène & entretien'!B14="","",'Hygiène & entretien'!B14) -> Gel antibactérien | P17: =IF(O17="","",'Hygiène & entretien'!C14&"") -> جال معقم (gel m3aqqem) | Q17: =IF(O17="","",'Hygiène & entretien'!D14&"") -> flacon 125 ml | R17: =IF(O17="",0,IF('Hygiène & entretien'!E14="Oui",N('Hygiène & entretien'!F14),0)) -> 1 | T17: =IF(S17="",R17,S17) -> 1 | U17: =IF(O17="",0,N('Hygiène & entretien'!G14)) -> 3.69 | V17: =T17*U17 -> 3.69
A18: =IF($B18="","",10) -> 10 | B18: =IF(Listes!A10="","",Listes!A10) -> Merguez | C18: =IF($B18="","",IFERROR(INDEX('Liste des ingrédients'!$C$5:$C$98,MATCH($B18,'Liste des ingrédients'!$B$5:$B$98,0)),"")) -> مرقاز (mergaz) | D18: =IF($B18="","",Listes!E10) -> 500 | E18: =IF($B18="","",IF(I18="kg","g",IF(I18="L","ml",I18))) -> g | F18: =IF($B18="",0,IF(OR(I18="kg",I18="L"),ROUND(D18/1000,3),ROUNDUP(D18,0))) -> 0.5 | H18: =IF(G18="",F18,G18) -> 0.5 | I18: =IF($B18="","",IFERROR(INDEX('Liste des ingrédients'!$G$5:$G$98,MATCH($B18,'Liste des ingrédients'!$B$5:$B$98,0)),"")) -> kg | J18: =IF($B18="",0,IFERROR(INDEX('Liste des ingrédients'!$H$5:$H$98,MATCH($B18,'Liste des ingrédients'!$B$5:$B$98,0)),0)) -> 40 | K18: =IF($B18="",0,H18*J18) -> 20 | N18: =IF($O18="","",10) -> 10 | O18: =IF('Hygiène & entretien'!B17="","",'Hygiène & entretien'!B17) -> Liquide vaisselle | P18: =IF(O18="","",'Hygiène & entretien'!C17&"") -> صابون ماعون (saboun ma3oun) | Q18: =IF(O18="","",'Hygiène & entretien'!D17&"") -> flacon 960 ml | R18: =IF(O18="",0,IF('Hygiène & entretien'!E17="Oui",N('Hygiène & entretien'!F17),0)) -> 2 | T18: =IF(S18="",R18,S18) -> 2 | U18: =IF(O18="",0,N('Hygiène & entretien'!G17)) -> 6.69 | V18: =T18*U18 -> 13.38
A19: =IF($B19="","",11) -> 11 | B19: =IF(Listes!A11="","",Listes!A11) -> Poisson à chair ferme (mérou, loup, dorade) | C19: =IF($B19="","",IFERROR(INDEX('Liste des ingrédients'!$C$5:$C$98,MATCH($B19,'Liste des ingrédients'!$B$5:$B$98,0)),"")) -> حوت: مناني، قاروص، وراطة | D19: =IF($B19="","",Listes!E11) -> 1000 | E19: =IF($B19="","",IF(I19="kg","g",IF(I19="L","ml",I19))) -> g | F19: =IF($B19="",0,IF(OR(I19="kg",I19="L"),ROUND(D19/1000,3),ROUNDUP(D19,0))) -> 1 | H19: =IF(G19="",F19,G19) -> 1 | I19: =IF($B19="","",IFERROR(INDEX('Liste des ingrédients'!$G$5:$G$98,MATCH($B19,'Liste des ingrédients'!$B$5:$B$98,0)),"")) -> kg | J19: =IF($B19="",0,IFERROR(INDEX('Liste des ingrédients'!$H$5:$H$98,MATCH($B19,'Liste des ingrédients'!$B$5:$B$98,0)),0)) -> 22 | K19: =IF($B19="",0,H19*J19) -> 22 | N19: =IF($O19="","",11) -> 11 | O19: =IF('Hygiène & entretien'!B18="","",'Hygiène & entretien'!B18) -> Eau de javel | P19: =IF(O19="","",'Hygiène & entretien'!C18&"") -> جافال (javel) | Q19: =IF(O19="","",'Hygiène & entretien'!D18&"") -> bidon 3 L | R19: =IF(O19="",0,IF('Hygiène & entretien'!E18="Oui",N('Hygiène & entretien'!F18),0)) -> 1 | T19: =IF(S19="",R19,S19) -> 1 | U19: =IF(O19="",0,N('Hygiène & entretien'!G18)) -> 5.35 | V19: =T19*U19 -> 5.35
A20: =IF($B20="","",12) -> 12 | B20: =IF(Listes!A12="","",Listes!A12) -> Poisson blanc haché | C20: =IF($B20="","",IFERROR(INDEX('Liste des ingrédients'!$C$5:$C$98,MATCH($B20,'Liste des ingrédients'!$B$5:$B$98,0)),"")) -> حوت أبيض مرحي (7out abyedh mor7i) | D20: =IF($B20="","",Listes!E12) -> 600 | E20: =IF($B20="","",IF(I20="kg","g",IF(I20="L","ml",I20))) -> g | F20: =IF($B20="",0,IF(OR(I20="kg",I20="L"),ROUND(D20/1000,3),ROUNDUP(D20,0))) -> 0.6 | H20: =IF(G20="",F20,G20) -> 0.6 | I20: =IF($B20="","",IFERROR(INDEX('Liste des ingrédients'!$G$5:$G$98,MATCH($B20,'Liste des ingrédients'!$B$5:$B$98,0)),"")) -> kg | J20: =IF($B20="",0,IFERROR(INDEX('Liste des ingrédients'!$H$5:$H$98,MATCH($B20,'Liste des ingrédients'!$B$5:$B$98,0)),0)) -> 18 | K20: =IF($B20="",0,H20*J20) -> 10.8 | N20: =IF($O20="","",12) -> 12 | O20: =IF('Hygiène & entretien'!B19="","",'Hygiène & entretien'!B19) -> Nettoyant sol | P20: =IF(O20="","",'Hygiène & entretien'!C19&"") -> صابون القاعة (saboun el gaa3a) | Q20: =IF(O20="","",'Hygiène & entretien'!D19&"") -> bidon 3 L | R20: =IF(O20="",0,IF('Hygiène & entretien'!E19="Oui",N('Hygiène & entretien'!F19),0)) -> 1 | T20: =IF(S20="",R20,S20) -> 1 | U20: =IF(O20="",0,N('Hygiène & entretien'!G19)) -> 6.62 | V20: =T20*U20 -> 6.62
A21: =IF($B21="","",13) -> 13 | B21: =IF(Listes!A13="","",Listes!A13) -> Thon en boîte (160 g) | C21: =IF($B21="","",IFERROR(INDEX('Liste des ingrédients'!$C$5:$C$98,MATCH($B21,'Liste des ingrédients'!$B$5:$B$98,0)),"")) -> تن (ton) | D21: =IF($B21="","",Listes!E13) -> 6 | E21: =IF($B21="","",IF(I21="kg","g",IF(I21="L","ml",I21))) -> boîte | F21: =IF($B21="",0,IF(OR(I21="kg",I21="L"),ROUND(D21/1000,3),ROUNDUP(D21,0))) -> 6 | H21: =IF(G21="",F21,G21) -> 6 | I21: =IF($B21="","",IFERROR(INDEX('Liste des ingrédients'!$G$5:$G$98,MATCH($B21,'Liste des ingrédients'!$B$5:$B$98,0)),"")) -> boîte | J21: =IF($B21="",0,IFERROR(INDEX('Liste des ingrédients'!$H$5:$H$98,MATCH($B21,'Liste des ingrédients'!$B$5:$B$98,0)),0)) -> 4.5 | K21: =IF($B21="",0,H21*J21) -> 27 | N21: =IF($O21="","",13) -> 13 | O21: =IF('Hygiène & entretien'!B20="","",'Hygiène & entretien'!B20) -> Lessive en poudre (machine) | P21: =IF(O21="","",'Hygiène & entretien'!C20&"") -> صابون ماكينة (saboun makina) | Q21: =IF(O21="","",'Hygiène & entretien'!D20&"") -> paquet | R21: =IF(O21="",0,IF('Hygiène & entretien'!E20="Oui",N('Hygiène & entretien'!F20),0)) -> 1 | T21: =IF(S21="",R21,S21) -> 1 | U21: =IF(O21="",0,N('Hygiène & entretien'!G20)) -> 21.79 | V21: =T21*U21 -> 21.79
A22: =IF($B22="","",14) -> 14 | B22: =IF(Listes!A14="","",Listes!A14) -> Œufs | C22: =IF($B22="","",IFERROR(INDEX('Liste des ingrédients'!$C$5:$C$98,MATCH($B22,'Liste des ingrédients'!$B$5:$B$98,0)),"")) -> عظم (3dham) | D22: =IF($B22="","",Listes!E14) -> 55 | E22: =IF($B22="","",IF(I22="kg","g",IF(I22="L","ml",I22))) -> œuf | F22: =IF($B22="",0,IF(OR(I22="kg",I22="L"),ROUND(D22/1000,3),ROUNDUP(D22,0))) -> 55 | H22: =IF(G22="",F22,G22) -> 55 | I22: =IF($B22="","",IFERROR(INDEX('Liste des ingrédients'!$G$5:$G$98,MATCH($B22,'Liste des ingrédients'!$B$5:$B$98,0)),"")) -> œuf | J22: =IF($B22="",0,IFERROR(INDEX('Liste des ingrédients'!$H$5:$H$98,MATCH($B22,'Liste des ingrédients'!$B$5:$B$98,0)),0)) -> 0.3 | K22: =IF($B22="",0,H22*J22) -> 16.5 | N22: =IF($O22="","",14) -> 14 | O22: =IF('Hygiène & entretien'!B21="","",'Hygiène & entretien'!B21) -> Éponges | P22: =IF(O22="","",'Hygiène & entretien'!C21&"") -> سفنجة (sfenja) | Q22: =IF(O22="","",'Hygiène & entretien'!D21&"") -> pièce | R22: =IF(O22="",0,IF('Hygiène & entretien'!E21="Oui",N('Hygiène & entretien'!F21),0)) -> 4 | T22: =IF(S22="",R22,S22) -> 4 | U22: =IF(O22="",0,N('Hygiène & entretien'!G21)) -> 0.69 | V22: =T22*U22 -> 2.76
A23: =IF($B23="","",15) -> 15 | B23: =IF(Listes!A15="","",Listes!A15) -> Fromage râpé | C23: =IF($B23="","",IFERROR(INDEX('Liste des ingrédients'!$C$5:$C$98,MATCH($B23,'Liste des ingrédients'!$B$5:$B$98,0)),"")) -> فرماج مرحي (fromej mra7i) | D23: =IF($B23="","",Listes!E15) -> 360 | E23: =IF($B23="","",IF(I23="kg","g",IF(I23="L","ml",I23))) -> g | F23: =IF($B23="",0,IF(OR(I23="kg",I23="L"),ROUND(D23/1000,3),ROUNDUP(D23,0))) -> 0.36 | H23: =IF(G23="",F23,G23) -> 0.36 | I23: =IF($B23="","",IFERROR(INDEX('Liste des ingrédients'!$G$5:$G$98,MATCH($B23,'Liste des ingrédients'!$B$5:$B$98,0)),"")) -> kg | J23: =IF($B23="",0,IFERROR(INDEX('Liste des ingrédients'!$H$5:$H$98,MATCH($B23,'Liste des ingrédients'!$B$5:$B$98,0)),0)) -> 30 | K23: =IF($B23="",0,H23*J23) -> 10.8 | N23: =IF($O23="","",15) -> 15 | O23: =IF('Hygiène & entretien'!B22="","",'Hygiène & entretien'!B22) -> Sacs poubelle 70 L | P23: =IF(O23="","",'Hygiène & entretien'!C22&"") -> ساشيات زبلة (sachiet zebla) | Q23: =IF(O23="","",'Hygiène & entretien'!D22&"") -> rouleau de 10 | R23: =IF(O23="",0,IF('Hygiène & entretien'!E22="Oui",N('Hygiène & entretien'!F22),0)) -> 3 | T23: =IF(S23="",R23,S23) -> 3 | U23: =IF(O23="",0,N('Hygiène & entretien'!G22)) -> 2.15 | V23: =T23*U23 -> 6.45
A24: =IF($B24="","",16) -> 16 | B24: =IF(Listes!A16="","",Listes!A16) -> Pommes de terre | C24: =IF($B24="","",IFERROR(INDEX('Liste des ingrédients'!$C$5:$C$98,MATCH($B24,'Liste des ingrédients'!$B$5:$B$98,0)),"")) -> بطاطا (batata) | D24: =IF($B24="","",Listes!E16) -> 5700 | E24: =IF($B24="","",IF(I24="kg","g",IF(I24="L","ml",I24))) -> g | F24: =IF($B24="",0,IF(OR(I24="kg",I24="L"),ROUND(D24/1000,3),ROUNDUP(D24,0))) -> 5.7 | H24: =IF(G24="",F24,G24) -> 5.7 | I24: =IF($B24="","",IFERROR(INDEX('Liste des ingrédients'!$G$5:$G$98,MATCH($B24,'Liste des ingrédients'!$B$5:$B$98,0)),"")) -> kg | J24: =IF($B24="",0,IFERROR(INDEX('Liste des ingrédients'!$H$5:$H$98,MATCH($B24,'Liste des ingrédients'!$B$5:$B$98,0)),0)) -> 2.5 | K24: =IF($B24="",0,H24*J24) -> 14.25 | N24: =IF($O24="","",16) -> 16 | O24: =IF('Hygiène & entretien'!B23="","",'Hygiène & entretien'!B23) -> Serviettes de table | P24: =IF(O24="","",'Hygiène & entretien'!C23&"") -> محارم (m7arem) | Q24: =IF(O24="","",'Hygiène & entretien'!D23&"") -> paquet de 90 | R24: =IF(O24="",0,IF('Hygiène & entretien'!E23="Oui",N('Hygiène & entretien'!F23),0)) -> 1 | T24: =IF(S24="",R24,S24) -> 1 | U24: =IF(O24="",0,N('Hygiène & entretien'!G23)) -> 3.06 | V24: =T24*U24 -> 3.06
A25: =IF($B25="","",17) -> 17 | B25: =IF(Listes!A17="","",Listes!A17) -> Tomates | C25: =IF($B25="","",IFERROR(INDEX('Liste des ingrédients'!$C$5:$C$98,MATCH($B25,'Liste des ingrédients'!$B$5:$B$98,0)),"")) -> طماطم (tmatem) | D25: =IF($B25="","",Listes!E17) -> 4650 | E25: =IF($B25="","",IF(I25="kg","g",IF(I25="L","ml",I25))) -> g | F25: =IF($B25="",0,IF(OR(I25="kg",I25="L"),ROUND(D25/1000,3),ROUNDUP(D25,0))) -> 4.65 | H25: =IF(G25="",F25,G25) -> 4.65 | I25: =IF($B25="","",IFERROR(INDEX('Liste des ingrédients'!$G$5:$G$98,MATCH($B25,'Liste des ingrédients'!$B$5:$B$98,0)),"")) -> kg | J25: =IF($B25="",0,IFERROR(INDEX('Liste des ingrédients'!$H$5:$H$98,MATCH($B25,'Liste des ingrédients'!$B$5:$B$98,0)),0)) -> 2 | K25: =IF($B25="",0,H25*J25) -> 9.3 | N25: =IF($O25="","",17) | O25: =IF('Hygiène & entretien'!B26="","",'Hygiène & entretien'!B26) | P25: =IF(O25="","",'Hygiène & entretien'!C26&"") | Q25: =IF(O25="","",'Hygiène & entretien'!D26&"") | R25: =IF(O25="",0,IF('Hygiène & entretien'!E26="Oui",N('Hygiène & entretien'!F26),0)) -> 0 | T25: =IF(S25="",R25,S25) -> 0 | U25: =IF(O25="",0,N('Hygiène & entretien'!G26)) -> 0 | V25: =T25*U25 -> 0
A26: =IF($B26="","",18) -> 18 | B26: =IF(Listes!A18="","",Listes!A18) -> Oignons | C26: =IF($B26="","",IFERROR(INDEX('Liste des ingrédients'!$C$5:$C$98,MATCH($B26,'Liste des ingrédients'!$B$5:$B$98,0)),"")) -> بصل (bsal) | D26: =IF($B26="","",Listes!E18) -> 2500 | E26: =IF($B26="","",IF(I26="kg","g",IF(I26="L","ml",I26))) -> g | F26: =IF($B26="",0,IF(OR(I26="kg",I26="L"),ROUND(D26/1000,3),ROUNDUP(D26,0))) -> 2.5 | H26: =IF(G26="",F26,G26) -> 2.5 | I26: =IF($B26="","",IFERROR(INDEX('Liste des ingrédients'!$G$5:$G$98,MATCH($B26,'Liste des ingrédients'!$B$5:$B$98,0)),"")) -> kg | J26: =IF($B26="",0,IFERROR(INDEX('Liste des ingrédients'!$H$5:$H$98,MATCH($B26,'Liste des ingrédients'!$B$5:$B$98,0)),0)) -> 1.2 | K26: =IF($B26="",0,H26*J26) -> 3 | N26: =IF($O26="","",18) | O26: =IF('Hygiène & entretien'!B27="","",'Hygiène & entretien'!B27) | P26: =IF(O26="","",'Hygiène & entretien'!C27&"") | Q26: =IF(O26="","",'Hygiène & entretien'!D27&"") | R26: =IF(O26="",0,IF('Hygiène & entretien'!E27="Oui",N('Hygiène & entretien'!F27),0)) -> 0 | T26: =IF(S26="",R26,S26) -> 0 | U26: =IF(O26="",0,N('Hygiène & entretien'!G27)) -> 0 | V26: =T26*U26 -> 0
A27: =IF($B27="","",19) -> 19 | B27: =IF(Listes!A19="","",Listes!A19) -> Ail | C27: =IF($B27="","",IFERROR(INDEX('Liste des ingrédients'!$C$5:$C$98,MATCH($B27,'Liste des ingrédients'!$B$5:$B$98,0)),"")) -> ثوم (thoum) | D27: =IF($B27="","",Listes!E19) -> 370 | E27: =IF($B27="","",IF(I27="kg","g",IF(I27="L","ml",I27))) -> g | F27: =IF($B27="",0,IF(OR(I27="kg",I27="L"),ROUND(D27/1000,3),ROUNDUP(D27,0))) -> 0.37 | H27: =IF(G27="",F27,G27) -> 0.37 | I27: =IF($B27="","",IFERROR(INDEX('Liste des ingrédients'!$G$5:$G$98,MATCH($B27,'Liste des ingrédients'!$B$5:$B$98,0)),"")) -> kg | J27: =IF($B27="",0,IFERROR(INDEX('Liste des ingrédients'!$H$5:$H$98,MATCH($B27,'Liste des ingrédients'!$B$5:$B$98,0)),0)) -> 15 | K27: =IF($B27="",0,H27*J27) -> 5.55 | N27: =IF($O27="","",19) | O27: =IF('Hygiène & entretien'!B28="","",'Hygiène & entretien'!B28) | P27: =IF(O27="","",'Hygiène & entretien'!C28&"") | Q27: =IF(O27="","",'Hygiène & entretien'!D28&"") | R27: =IF(O27="",0,IF('Hygiène & entretien'!E28="Oui",N('Hygiène & entretien'!F28),0)) -> 0 | T27: =IF(S27="",R27,S27) -> 0 | U27: =IF(O27="",0,N('Hygiène & entretien'!G28)) -> 0 | V27: =T27*U27 -> 0
A28: =IF($B28="","",20) -> 20 | B28: =IF(Listes!A20="","",Listes!A20) -> Carottes | C28: =IF($B28="","",IFERROR(INDEX('Liste des ingrédients'!$C$5:$C$98,MATCH($B28,'Liste des ingrédients'!$B$5:$B$98,0)),"")) -> سفنارية (sfenarya) | D28: =IF($B28="","",Listes!E20) -> 1500 | E28: =IF($B28="","",IF(I28="kg","g",IF(I28="L","ml",I28))) -> g | F28: =IF($B28="",0,IF(OR(I28="kg",I28="L"),ROUND(D28/1000,3),ROUNDUP(D28,0))) -> 1.5 | H28: =IF(G28="",F28,G28) -> 1.5 | I28: =IF($B28="","",IFERROR(INDEX('Liste des ingrédients'!$G$5:$G$98,MATCH($B28,'Liste des ingrédients'!$B$5:$B$98,0)),"")) -> kg | J28: =IF($B28="",0,IFERROR(INDEX('Liste des ingrédients'!$H$5:$H$98,MATCH($B28,'Liste des ingrédients'!$B$5:$B$98,0)),0)) -> 2.5 | K28: =IF($B28="",0,H28*J28) -> 3.75 | N28: =IF($O28="","",20) | O28: =IF('Hygiène & entretien'!B29="","",'Hygiène & entretien'!B29) | P28: =IF(O28="","",'Hygiène & entretien'!C29&"") | Q28: =IF(O28="","",'Hygiène & entretien'!D29&"") | R28: =IF(O28="",0,IF('Hygiène & entretien'!E29="Oui",N('Hygiène & entretien'!F29),0)) -> 0 | T28: =IF(S28="",R28,S28) -> 0 | U28: =IF(O28="",0,N('Hygiène & entretien'!G29)) -> 0 | V28: =T28*U28 -> 0
A29: =IF($B29="","",21) -> 21 | B29: =IF(Listes!A21="","",Listes!A21) -> Courgettes | C29: =IF($B29="","",IFERROR(INDEX('Liste des ingrédients'!$C$5:$C$98,MATCH($B29,'Liste des ingrédients'!$B$5:$B$98,0)),"")) -> قرع (gar3) | D29: =IF($B29="","",Listes!E21) -> 1800 | E29: =IF($B29="","",IF(I29="kg","g",IF(I29="L","ml",I29))) -> g | F29: =IF($B29="",0,IF(OR(I29="kg",I29="L"),ROUND(D29/1000,3),ROUNDUP(D29,0))) -> 1.8 | H29: =IF(G29="",F29,G29) -> 1.8 | I29: =IF($B29="","",IFERROR(INDEX('Liste des ingrédients'!$G$5:$G$98,MATCH($B29,'Liste des ingrédients'!$B$5:$B$98,0)),"")) -> kg | J29: =IF($B29="",0,IFERROR(INDEX('Liste des ingrédients'!$H$5:$H$98,MATCH($B29,'Liste des ingrédients'!$B$5:$B$98,0)),0)) -> 2 | K29: =IF($B29="",0,H29*J29) -> 3.6 | N29: =IF($O29="","",21) | O29: =IF('Hygiène & entretien'!B30="","",'Hygiène & entretien'!B30) | P29: =IF(O29="","",'Hygiène & entretien'!C30&"") | Q29: =IF(O29="","",'Hygiène & entretien'!D30&"") | R29: =IF(O29="",0,IF('Hygiène & entretien'!E30="Oui",N('Hygiène & entretien'!F30),0)) -> 0 | T29: =IF(S29="",R29,S29) -> 0 | U29: =IF(O29="",0,N('Hygiène & entretien'!G30)) -> 0 | V29: =T29*U29 -> 0
A30: =IF($B30="","",22) -> 22 | B30: =IF(Listes!A22="","",Listes!A22) -> Poivrons | C30: =IF($B30="","",IFERROR(INDEX('Liste des ingrédients'!$C$5:$C$98,MATCH($B30,'Liste des ingrédients'!$B$5:$B$98,0)),"")) -> فلفل حلو (felfel 7lou) | D30: =IF($B30="","",Listes!E22) -> 1600 | E30: =IF($B30="","",IF(I30="kg","g",IF(I30="L","ml",I30))) -> g | F30: =IF($B30="",0,IF(OR(I30="kg",I30="L"),ROUND(D30/1000,3),ROUNDUP(D30,0))) -> 1.6 | H30: =IF(G30="",F30,G30) -> 1.6 | I30: =IF($B30="","",IFERROR(INDEX('Liste des ingrédients'!$G$5:$G$98,MATCH($B30,'Liste des ingrédients'!$B$5:$B$98,0)),"")) -> kg | J30: =IF($B30="",0,IFERROR(INDEX('Liste des ingrédients'!$H$5:$H$98,MATCH($B30,'Liste des ingrédients'!$B$5:$B$98,0)),0)) -> 2.5 | K30: =IF($B30="",0,H30*J30) -> 4 | N30: =IF($O30="","",22) | O30: =IF('Hygiène & entretien'!B31="","",'Hygiène & entretien'!B31) | P30: =IF(O30="","",'Hygiène & entretien'!C31&"") | Q30: =IF(O30="","",'Hygiène & entretien'!D31&"") | R30: =IF(O30="",0,IF('Hygiène & entretien'!E31="Oui",N('Hygiène & entretien'!F31),0)) -> 0 | T30: =IF(S30="",R30,S30) -> 0 | U30: =IF(O30="",0,N('Hygiène & entretien'!G31)) -> 0 | V30: =T30*U30 -> 0
A31: =IF($B31="","",23) -> 23 | B31: =IF(Listes!A23="","",Listes!A23) -> Piments verts | C31: =IF($B31="","",IFERROR(INDEX('Liste des ingrédients'!$C$5:$C$98,MATCH($B31,'Liste des ingrédients'!$B$5:$B$98,0)),"")) -> فلفل أخضر (felfel akhdhar) | D31: =IF($B31="","",Listes!E23) -> 480 | E31: =IF($B31="","",IF(I31="kg","g",IF(I31="L","ml",I31))) -> g | F31: =IF($B31="",0,IF(OR(I31="kg",I31="L"),ROUND(D31/1000,3),ROUNDUP(D31,0))) -> 0.48 | H31: =IF(G31="",F31,G31) -> 0.48 | I31: =IF($B31="","",IFERROR(INDEX('Liste des ingrédients'!$G$5:$G$98,MATCH($B31,'Liste des ingrédients'!$B$5:$B$98,0)),"")) -> kg | J31: =IF($B31="",0,IFERROR(INDEX('Liste des ingrédients'!$H$5:$H$98,MATCH($B31,'Liste des ingrédients'!$B$5:$B$98,0)),0)) -> 2.5 | K31: =IF($B31="",0,H31*J31) -> 1.2 | N31: =IF($O31="","",23) | O31: =IF('Hygiène & entretien'!B32="","",'Hygiène & entretien'!B32) | P31: =IF(O31="","",'Hygiène & entretien'!C32&"") | Q31: =IF(O31="","",'Hygiène & entretien'!D32&"") | R31: =IF(O31="",0,IF('Hygiène & entretien'!E32="Oui",N('Hygiène & entretien'!F32),0)) -> 0 | T31: =IF(S31="",R31,S31) -> 0 | U31: =IF(O31="",0,N('Hygiène & entretien'!G32)) -> 0 | V31: =T31*U31 -> 0
A32: =IF($B32="","",24) -> 24 | B32: =IF(Listes!A24="","",Listes!A24) -> Piments forts | C32: =IF($B32="","",IFERROR(INDEX('Liste des ingrédients'!$C$5:$C$98,MATCH($B32,'Liste des ingrédients'!$B$5:$B$98,0)),"")) -> فلفل حار (felfel 7arr) | D32: =IF($B32="","",Listes!E24) -> 65 | E32: =IF($B32="","",IF(I32="kg","g",IF(I32="L","ml",I32))) -> g | F32: =IF($B32="",0,IF(OR(I32="kg",I32="L"),ROUND(D32/1000,3),ROUNDUP(D32,0))) -> 0.065 | H32: =IF(G32="",F32,G32) -> 0.065 | I32: =IF($B32="","",IFERROR(INDEX('Liste des ingrédients'!$G$5:$G$98,MATCH($B32,'Liste des ingrédients'!$B$5:$B$98,0)),"")) -> kg | J32: =IF($B32="",0,IFERROR(INDEX('Liste des ingrédients'!$H$5:$H$98,MATCH($B32,'Liste des ingrédients'!$B$5:$B$98,0)),0)) -> 3.3 | K32: =IF($B32="",0,H32*J32) -> 0.2145 | N32: =IF($O32="","",24) | O32: =IF('Hygiène & entretien'!B33="","",'Hygiène & entretien'!B33) | P32: =IF(O32="","",'Hygiène & entretien'!C33&"") | Q32: =IF(O32="","",'Hygiène & entretien'!D33&"") | R32: =IF(O32="",0,IF('Hygiène & entretien'!E33="Oui",N('Hygiène & entretien'!F33),0)) -> 0 | T32: =IF(S32="",R32,S32) -> 0 | U32: =IF(O32="",0,N('Hygiène & entretien'!G33)) -> 0 | V32: =T32*U32 -> 0
A33: =IF($B33="","",25) -> 25 | B33: =IF(Listes!A25="","",Listes!A25) -> Citrouille / potiron | C33: =IF($B33="","",IFERROR(INDEX('Liste des ingrédients'!$C$5:$C$98,MATCH($B33,'Liste des ingrédients'!$B$5:$B$98,0)),"")) -> كابوية (kabouya) | D33: =IF($B33="","",Listes!E25) -> 900 | E33: =IF($B33="","",IF(I33="kg","g",IF(I33="L","ml",I33))) -> g | F33: =IF($B33="",0,IF(OR(I33="kg",I33="L"),ROUND(D33/1000,3),ROUNDUP(D33,0))) -> 0.9 | H33: =IF(G33="",F33,G33) -> 0.9 | I33: =IF($B33="","",IFERROR(INDEX('Liste des ingrédients'!$G$5:$G$98,MATCH($B33,'Liste des ingrédients'!$B$5:$B$98,0)),"")) -> kg | J33: =IF($B33="",0,IFERROR(INDEX('Liste des ingrédients'!$H$5:$H$98,MATCH($B33,'Liste des ingrédients'!$B$5:$B$98,0)),0)) -> 1.5 | K33: =IF($B33="",0,H33*J33) -> 1.35 | N33: =IF($O33="","",25) | O33: =IF('Hygiène & entretien'!B34="","",'Hygiène & entretien'!B34) | P33: =IF(O33="","",'Hygiène & entretien'!C34&"") | Q33: =IF(O33="","",'Hygiène & entretien'!D34&"") | R33: =IF(O33="",0,IF('Hygiène & entretien'!E34="Oui",N('Hygiène & entretien'!F34),0)) -> 0 | T33: =IF(S33="",R33,S33) -> 0 | U33: =IF(O33="",0,N('Hygiène & entretien'!G34)) -> 0 | V33: =T33*U33 -> 0
A34: =IF($B34="","",26) -> 26 | B34: =IF(Listes!A26="","",Listes!A26) -> Concombres | C34: =IF($B34="","",IFERROR(INDEX('Liste des ingrédients'!$C$5:$C$98,MATCH($B34,'Liste des ingrédients'!$B$5:$B$98,0)),"")) -> فقوس (fagous) | D34: =IF($B34="","",Listes!E26) -> 1600 | E34: =IF($B34="","",IF(I34="kg","g",IF(I34="L","ml",I34))) -> g | F34: =IF($B34="",0,IF(OR(I34="kg",I34="L"),ROUND(D34/1000,3),ROUNDUP(D34,0))) -> 1.6 | H34: =IF(G34="",F34,G34) -> 1.6 | I34: =IF($B34="","",IFERROR(INDEX('Liste des ingrédients'!$G$5:$G$98,MATCH($B34,'Liste des ingrédients'!$B$5:$B$98,0)),"")) -> kg | J34: =IF($B34="",0,IFERROR(INDEX('Liste des ingrédients'!$H$5:$H$98,MATCH($B34,'Liste des ingrédients'!$B$5:$B$98,0)),0)) -> 2.5 | K34: =IF($B34="",0,H34*J34) -> 4 | N34: =IF($O34="","",26) | O34: =IF('Hygiène & entretien'!B35="","",'Hygiène & entretien'!B35) | P34: =IF(O34="","",'Hygiène & entretien'!C35&"") | Q34: =IF(O34="","",'Hygiène & entretien'!D35&"") | R34: =IF(O34="",0,IF('Hygiène & entretien'!E35="Oui",N('Hygiène & entretien'!F35),0)) -> 0 | T34: =IF(S34="",R34,S34) -> 0 | U34: =IF(O34="",0,N('Hygiène & entretien'!G35)) -> 0 | V34: =T34*U34 -> 0
A35: =IF($B35="","",27) -> 27 | B35: =IF(Listes!A27="","",Listes!A27) -> Laitues | C35: =IF($B35="","",IFERROR(INDEX('Liste des ingrédients'!$C$5:$C$98,MATCH($B35,'Liste des ingrédients'!$B$5:$B$98,0)),"")) -> خص (khass) | D35: =IF($B35="","",Listes!E27) -> 4 | E35: =IF($B35="","",IF(I35="kg","g",IF(I35="L","ml",I35))) -> pièce | F35: =IF($B35="",0,IF(OR(I35="kg",I35="L"),ROUND(D35/1000,3),ROUNDUP(D35,0))) -> 4 | H35: =IF(G35="",F35,G35) -> 4 | I35: =IF($B35="","",IFERROR(INDEX('Liste des ingrédients'!$G$5:$G$98,MATCH($B35,'Liste des ingrédients'!$B$5:$B$98,0)),"")) -> pièce | J35: =IF($B35="",0,IFERROR(INDEX('Liste des ingrédients'!$H$5:$H$98,MATCH($B35,'Liste des ingrédients'!$B$5:$B$98,0)),0)) -> 1 | K35: =IF($B35="",0,H35*J35) -> 4
A36: =IF($B36="","",28) -> 28 | B36: =IF(Listes!A28="","",Listes!A28) -> Épinards (ou blettes) | C36: =IF($B36="","",IFERROR(INDEX('Liste des ingrédients'!$C$5:$C$98,MATCH($B36,'Liste des ingrédients'!$B$5:$B$98,0)),"")) -> سبناخ (sbenekh) / سلق (selg) | D36: =IF($B36="","",Listes!E28) -> 600 | E36: =IF($B36="","",IF(I36="kg","g",IF(I36="L","ml",I36))) -> g | F36: =IF($B36="",0,IF(OR(I36="kg",I36="L"),ROUND(D36/1000,3),ROUNDUP(D36,0))) -> 0.6 | H36: =IF(G36="",F36,G36) -> 0.6 | I36: =IF($B36="","",IFERROR(INDEX('Liste des ingrédients'!$G$5:$G$98,MATCH($B36,'Liste des ingrédients'!$B$5:$B$98,0)),"")) -> kg | J36: =IF($B36="",0,IFERROR(INDEX('Liste des ingrédients'!$H$5:$H$98,MATCH($B36,'Liste des ingrédients'!$B$5:$B$98,0)),0)) -> 4 | K36: =IF($B36="",0,H36*J36) -> 2.4
A37: =IF($B37="","",29) -> 29 | B37: =IF(Listes!A29="","",Listes!A29) -> Petits pois | C37: =IF($B37="","",IFERROR(INDEX('Liste des ingrédients'!$C$5:$C$98,MATCH($B37,'Liste des ingrédients'!$B$5:$B$98,0)),"")) -> جلبانة (jelbana) | D37: =IF($B37="","",Listes!E29) -> 700 | E37: =IF($B37="","",IF(I37="kg","g",IF(I37="L","ml",I37))) -> g | F37: =IF($B37="",0,IF(OR(I37="kg",I37="L"),ROUND(D37/1000,3),ROUNDUP(D37,0))) -> 0.7 | H37: =IF(G37="",F37,G37) -> 0.7 | I37: =IF($B37="","",IFERROR(INDEX('Liste des ingrédients'!$G$5:$G$98,MATCH($B37,'Liste des ingrédients'!$B$5:$B$98,0)),"")) -> kg | J37: =IF($B37="",0,IFERROR(INDEX('Liste des ingrédients'!$H$5:$H$98,MATCH($B37,'Liste des ingrédients'!$B$5:$B$98,0)),0)) -> 3.4 | K37: =IF($B37="",0,H37*J37) -> 2.38
A38: =IF($B38="","",30) -> 30 | B38: =IF(Listes!A30="","",Listes!A30) -> Céleri | C38: =IF($B38="","",IFERROR(INDEX('Liste des ingrédients'!$C$5:$C$98,MATCH($B38,'Liste des ingrédients'!$B$5:$B$98,0)),"")) -> كرافس (krafes) | D38: =IF($B38="","",Listes!E30) -> 1 | E38: =IF($B38="","",IF(I38="kg","g",IF(I38="L","ml",I38))) -> botte | F38: =IF($B38="",0,IF(OR(I38="kg",I38="L"),ROUND(D38/1000,3),ROUNDUP(D38,0))) -> 1 | H38: =IF(G38="",F38,G38) -> 1 | I38: =IF($B38="","",IFERROR(INDEX('Liste des ingrédients'!$G$5:$G$98,MATCH($B38,'Liste des ingrédients'!$B$5:$B$98,0)),"")) -> botte | J38: =IF($B38="",0,IFERROR(INDEX('Liste des ingrédients'!$H$5:$H$98,MATCH($B38,'Liste des ingrédients'!$B$5:$B$98,0)),0)) -> 1 | K38: =IF($B38="",0,H38*J38) -> 1
A39: =IF($B39="","",31) -> 31 | B39: =IF(Listes!A31="","",Listes!A31) -> Persil | C39: =IF($B39="","",IFERROR(INDEX('Liste des ingrédients'!$C$5:$C$98,MATCH($B39,'Liste des ingrédients'!$B$5:$B$98,0)),"")) -> معدنوس (ma3dnous) | D39: =IF($B39="","",Listes!E31) -> 5 | E39: =IF($B39="","",IF(I39="kg","g",IF(I39="L","ml",I39))) -> botte | F39: =IF($B39="",0,IF(OR(I39="kg",I39="L"),ROUND(D39/1000,3),ROUNDUP(D39,0))) -> 5 | H39: =IF(G39="",F39,G39) -> 5 | I39: =IF($B39="","",IFERROR(INDEX('Liste des ingrédients'!$G$5:$G$98,MATCH($B39,'Liste des ingrédients'!$B$5:$B$98,0)),"")) -> botte | J39: =IF($B39="",0,IFERROR(INDEX('Liste des ingrédients'!$H$5:$H$98,MATCH($B39,'Liste des ingrédients'!$B$5:$B$98,0)),0)) -> 0.8 | K39: =IF($B39="",0,H39*J39) -> 4
A40: =IF($B40="","",32) -> 32 | B40: =IF(Listes!A32="","",Listes!A32) -> Romarin ou thym | C40: =IF($B40="","",IFERROR(INDEX('Liste des ingrédients'!$C$5:$C$98,MATCH($B40,'Liste des ingrédients'!$B$5:$B$98,0)),"")) -> إكليل (iklil) / زعتر (za3tar) | D40: =IF($B40="","",Listes!E32) -> 1 | E40: =IF($B40="","",IF(I40="kg","g",IF(I40="L","ml",I40))) -> botte | F40: =IF($B40="",0,IF(OR(I40="kg",I40="L"),ROUND(D40/1000,3),ROUNDUP(D40,0))) -> 1 | H40: =IF(G40="",F40,G40) -> 1 | I40: =IF($B40="","",IFERROR(INDEX('Liste des ingrédients'!$G$5:$G$98,MATCH($B40,'Liste des ingrédients'!$B$5:$B$98,0)),"")) -> botte | J40: =IF($B40="",0,IFERROR(INDEX('Liste des ingrédients'!$H$5:$H$98,MATCH($B40,'Liste des ingrédients'!$B$5:$B$98,0)),0)) -> 1 | K40: =IF($B40="",0,H40*J40) -> 1
A41: =IF($B41="","",33) -> 33 | B41: =IF(Listes!A33="","",Listes!A33) -> Citrons | C41: =IF($B41="","",IFERROR(INDEX('Liste des ingrédients'!$C$5:$C$98,MATCH($B41,'Liste des ingrédients'!$B$5:$B$98,0)),"")) -> قارص (gares) | D41: =IF($B41="","",Listes!E33) -> 1500 | E41: =IF($B41="","",IF(I41="kg","g",IF(I41="L","ml",I41))) -> g | F41: =IF($B41="",0,IF(OR(I41="kg",I41="L"),ROUND(D41/1000,3),ROUNDUP(D41,0))) -> 1.5 | H41: =IF(G41="",F41,G41) -> 1.5 | I41: =IF($B41="","",IFERROR(INDEX('Liste des ingrédients'!$G$5:$G$98,MATCH($B41,'Liste des ingrédients'!$B$5:$B$98,0)),"")) -> kg | J41: =IF($B41="",0,IFERROR(INDEX('Liste des ingrédients'!$H$5:$H$98,MATCH($B41,'Liste des ingrédients'!$B$5:$B$98,0)),0)) -> 3 | K41: =IF($B41="",0,H41*J41) -> 4.5
A42: =IF($B42="","",34) -> 34 | B42: =IF(Listes!A34="","",Listes!A34) -> Pommes | C42: =IF($B42="","",IFERROR(INDEX('Liste des ingrédients'!$C$5:$C$98,MATCH($B42,'Liste des ingrédients'!$B$5:$B$98,0)),"")) -> تفاح (teffe7) | D42: =IF($B42="","",Listes!E34) -> 3000 | E42: =IF($B42="","",IF(I42="kg","g",IF(I42="L","ml",I42))) -> g | F42: =IF($B42="",0,IF(OR(I42="kg",I42="L"),ROUND(D42/1000,3),ROUNDUP(D42,0))) -> 3 | H42: =IF(G42="",F42,G42) -> 3 | I42: =IF($B42="","",IFERROR(INDEX('Liste des ingrédients'!$G$5:$G$98,MATCH($B42,'Liste des ingrédients'!$B$5:$B$98,0)),"")) -> kg | J42: =IF($B42="",0,IFERROR(INDEX('Liste des ingrédients'!$H$5:$H$98,MATCH($B42,'Liste des ingrédients'!$B$5:$B$98,0)),0)) -> 3.99 | K42: =IF($B42="",0,H42*J42) -> 11.97
A43: =IF($B43="","",35) -> 35 | B43: =IF(Listes!A35="","",Listes!A35) -> Grenades | C43: =IF($B43="","",IFERROR(INDEX('Liste des ingrédients'!$C$5:$C$98,MATCH($B43,'Liste des ingrédients'!$B$5:$B$98,0)),"")) -> رمان (rommen) | D43: =IF($B43="","",Listes!E35) -> 2000 | E43: =IF($B43="","",IF(I43="kg","g",IF(I43="L","ml",I43))) -> g | F43: =IF($B43="",0,IF(OR(I43="kg",I43="L"),ROUND(D43/1000,3),ROUNDUP(D43,0))) -> 2 | H43: =IF(G43="",F43,G43) -> 2 | I43: =IF($B43="","",IFERROR(INDEX('Liste des ingrédients'!$G$5:$G$98,MATCH($B43,'Liste des ingrédients'!$B$5:$B$98,0)),"")) -> kg | J43: =IF($B43="",0,IFERROR(INDEX('Liste des ingrédients'!$H$5:$H$98,MATCH($B43,'Liste des ingrédients'!$B$5:$B$98,0)),0)) -> 3.99 | K43: =IF($B43="",0,H43*J43) -> 7.98
A44: =IF($B44="","",36) -> 36 | B44: =IF(Listes!A36="","",Listes!A36) -> Raisin | C44: =IF($B44="","",IFERROR(INDEX('Liste des ingrédients'!$C$5:$C$98,MATCH($B44,'Liste des ingrédients'!$B$5:$B$98,0)),"")) -> عنب (3neb) | D44: =IF($B44="","",Listes!E36) -> 2000 | E44: =IF($B44="","",IF(I44="kg","g",IF(I44="L","ml",I44))) -> g | F44: =IF($B44="",0,IF(OR(I44="kg",I44="L"),ROUND(D44/1000,3),ROUNDUP(D44,0))) -> 2 | H44: =IF(G44="",F44,G44) -> 2 | I44: =IF($B44="","",IFERROR(INDEX('Liste des ingrédients'!$G$5:$G$98,MATCH($B44,'Liste des ingrédients'!$B$5:$B$98,0)),"")) -> kg | J44: =IF($B44="",0,IFERROR(INDEX('Liste des ingrédients'!$H$5:$H$98,MATCH($B44,'Liste des ingrédients'!$B$5:$B$98,0)),0)) -> 4.9 | K44: =IF($B44="",0,H44*J44) -> 9.8
A45: =IF($B45="","",37) -> 37 | B45: =IF(Listes!A37="","",Listes!A37) -> Bananes | C45: =IF($B45="","",IFERROR(INDEX('Liste des ingrédients'!$C$5:$C$98,MATCH($B45,'Liste des ingrédients'!$B$5:$B$98,0)),"")) -> بنان (banan) | D45: =IF($B45="","",Listes!E37) -> 2000 | E45: =IF($B45="","",IF(I45="kg","g",IF(I45="L","ml",I45))) -> g | F45: =IF($B45="",0,IF(OR(I45="kg",I45="L"),ROUND(D45/1000,3),ROUNDUP(D45,0))) -> 2 | H45: =IF(G45="",F45,G45) -> 2 | I45: =IF($B45="","",IFERROR(INDEX('Liste des ingrédients'!$G$5:$G$98,MATCH($B45,'Liste des ingrédients'!$B$5:$B$98,0)),"")) -> kg | J45: =IF($B45="",0,IFERROR(INDEX('Liste des ingrédients'!$H$5:$H$98,MATCH($B45,'Liste des ingrédients'!$B$5:$B$98,0)),0)) -> 7 | K45: =IF($B45="",0,H45*J45) -> 14
A46: =IF($B46="","",38) -> 38 | B46: =IF(Listes!A38="","",Listes!A38) -> Dattes (Deglet Nour, branchées) | C46: =IF($B46="","",IFERROR(INDEX('Liste des ingrédients'!$C$5:$C$98,MATCH($B46,'Liste des ingrédients'!$B$5:$B$98,0)),"")) -> دقلة (deglet nour) | D46: =IF($B46="","",Listes!E38) -> 1000 | E46: =IF($B46="","",IF(I46="kg","g",IF(I46="L","ml",I46))) -> g | F46: =IF($B46="",0,IF(OR(I46="kg",I46="L"),ROUND(D46/1000,3),ROUNDUP(D46,0))) -> 1 | H46: =IF(G46="",F46,G46) -> 1 | I46: =IF($B46="","",IFERROR(INDEX('Liste des ingrédients'!$G$5:$G$98,MATCH($B46,'Liste des ingrédients'!$B$5:$B$98,0)),"")) -> kg | J46: =IF($B46="",0,IFERROR(INDEX('Liste des ingrédients'!$H$5:$H$98,MATCH($B46,'Liste des ingrédients'!$B$5:$B$98,0)),0)) -> 5.17 | K46: =IF($B46="",0,H46*J46) -> 5.17
A47: =IF($B47="","",39) -> 39 | B47: =IF(Listes!A39="","",Listes!A39) -> Couscous moyen | C47: =IF($B47="","",IFERROR(INDEX('Liste des ingrédients'!$C$5:$C$98,MATCH($B47,'Liste des ingrédients'!$B$5:$B$98,0)),"")) -> كسكسي (kosksi) | D47: =IF($B47="","",Listes!E39) -> 1000 | E47: =IF($B47="","",IF(I47="kg","g",IF(I47="L","ml",I47))) -> g | F47: =IF($B47="",0,IF(OR(I47="kg",I47="L"),ROUND(D47/1000,3),ROUNDUP(D47,0))) -> 1 | H47: =IF(G47="",F47,G47) -> 1 | I47: =IF($B47="","",IFERROR(INDEX('Liste des ingrédients'!$G$5:$G$98,MATCH($B47,'Liste des ingrédients'!$B$5:$B$98,0)),"")) -> kg | J47: =IF($B47="",0,IFERROR(INDEX('Liste des ingrédients'!$H$5:$H$98,MATCH($B47,'Liste des ingrédients'!$B$5:$B$98,0)),0)) -> 3 | K47: =IF($B47="",0,H47*J47) -> 3
A48: =IF($B48="","",40) -> 40 | B48: =IF(Listes!A40="","",Listes!A40) -> Spaghetti | C48: =IF($B48="","",IFERROR(INDEX('Liste des ingrédients'!$C$5:$C$98,MATCH($B48,'Liste des ingrédients'!$B$5:$B$98,0)),"")) -> مقرونة سباقتي (makrouna spaghetti) | D48: =IF($B48="","",Listes!E40) -> 800 | E48: =IF($B48="","",IF(I48="kg","g",IF(I48="L","ml",I48))) -> g | F48: =IF($B48="",0,IF(OR(I48="kg",I48="L"),ROUND(D48/1000,3),ROUNDUP(D48,0))) -> 0.8 | H48: =IF(G48="",F48,G48) -> 0.8 | I48: =IF($B48="","",IFERROR(INDEX('Liste des ingrédients'!$G$5:$G$98,MATCH($B48,'Liste des ingrédients'!$B$5:$B$98,0)),"")) -> kg | J48: =IF($B48="",0,IFERROR(INDEX('Liste des ingrédients'!$H$5:$H$98,MATCH($B48,'Liste des ingrédients'!$B$5:$B$98,0)),0)) -> 3.1 | K48: =IF($B48="",0,H48*J48) -> 2.48
A49: =IF($B49="","",41) -> 41 | B49: =IF(Listes!A41="","",Listes!A41) -> Riz (ou bulgur) | C49: =IF($B49="","",IFERROR(INDEX('Liste des ingrédients'!$C$5:$C$98,MATCH($B49,'Liste des ingrédients'!$B$5:$B$98,0)),"")) -> روز (rouz) / برغل (borghol) | D49: =IF($B49="","",Listes!E41) -> 650 | E49: =IF($B49="","",IF(I49="kg","g",IF(I49="L","ml",I49))) -> g | F49: =IF($B49="",0,IF(OR(I49="kg",I49="L"),ROUND(D49/1000,3),ROUNDUP(D49,0))) -> 0.65 | H49: =IF(G49="",F49,G49) -> 0.65 | I49: =IF($B49="","",IFERROR(INDEX('Liste des ingrédients'!$G$5:$G$98,MATCH($B49,'Liste des ingrédients'!$B$5:$B$98,0)),"")) -> kg | J49: =IF($B49="",0,IFERROR(INDEX('Liste des ingrédients'!$H$5:$H$98,MATCH($B49,'Liste des ingrédients'!$B$5:$B$98,0)),0)) -> 5 | K49: =IF($B49="",0,H49*J49) -> 3.25
A50: =IF($B50="","",42) -> 42 | B50: =IF(Listes!A42="","",Listes!A42) -> Pâtes d'orge (châer) | C50: =IF($B50="","",IFERROR(INDEX('Liste des ingrédients'!$C$5:$C$98,MATCH($B50,'Liste des ingrédients'!$B$5:$B$98,0)),"")) -> شعير (ch3ir) | D50: =IF($B50="","",Listes!E42) -> 300 | E50: =IF($B50="","",IF(I50="kg","g",IF(I50="L","ml",I50))) -> g | F50: =IF($B50="",0,IF(OR(I50="kg",I50="L"),ROUND(D50/1000,3),ROUNDUP(D50,0))) -> 0.3 | H50: =IF(G50="",F50,G50) -> 0.3 | I50: =IF($B50="","",IFERROR(INDEX('Liste des ingrédients'!$G$5:$G$98,MATCH($B50,'Liste des ingrédients'!$B$5:$B$98,0)),"")) -> kg | J50: =IF($B50="",0,IFERROR(INDEX('Liste des ingrédients'!$H$5:$H$98,MATCH($B50,'Liste des ingrédients'!$B$5:$B$98,0)),0)) -> 3.3 | K50: =IF($B50="",0,H50*J50) -> 0.99
A51: =IF($B51="","",43) -> 43 | B51: =IF(Listes!A43="","",Listes!A43) -> M'hamsa | C51: =IF($B51="","",IFERROR(INDEX('Liste des ingrédients'!$C$5:$C$98,MATCH($B51,'Liste des ingrédients'!$B$5:$B$98,0)),"")) -> محمصة (m7amsa) | D51: =IF($B51="","",Listes!E43) -> 250 | E51: =IF($B51="","",IF(I51="kg","g",IF(I51="L","ml",I51))) -> g | F51: =IF($B51="",0,IF(OR(I51="kg",I51="L"),ROUND(D51/1000,3),ROUNDUP(D51,0))) -> 0.25 | H51: =IF(G51="",F51,G51) -> 0.25 | I51: =IF($B51="","",IFERROR(INDEX('Liste des ingrédients'!$G$5:$G$98,MATCH($B51,'Liste des ingrédients'!$B$5:$B$98,0)),"")) -> kg | J51: =IF($B51="",0,IFERROR(INDEX('Liste des ingrédients'!$H$5:$H$98,MATCH($B51,'Liste des ingrédients'!$B$5:$B$98,0)),0)) -> 6 | K51: =IF($B51="",0,H51*J51) -> 1.5
A52: =IF($B52="","",44) -> 44 | B52: =IF(Listes!A44="","",Listes!A44) -> Frik | C52: =IF($B52="","",IFERROR(INDEX('Liste des ingrédients'!$C$5:$C$98,MATCH($B52,'Liste des ingrédients'!$B$5:$B$98,0)),"")) -> فريك (frik) | D52: =IF($B52="","",Listes!E44) -> 150 | E52: =IF($B52="","",IF(I52="kg","g",IF(I52="L","ml",I52))) -> g | F52: =IF($B52="",0,IF(OR(I52="kg",I52="L"),ROUND(D52/1000,3),ROUNDUP(D52,0))) -> 0.15 | H52: =IF(G52="",F52,G52) -> 0.15 | I52: =IF($B52="","",IFERROR(INDEX('Liste des ingrédients'!$G$5:$G$98,MATCH($B52,'Liste des ingrédients'!$B$5:$B$98,0)),"")) -> kg | J52: =IF($B52="",0,IFERROR(INDEX('Liste des ingrédients'!$H$5:$H$98,MATCH($B52,'Liste des ingrédients'!$B$5:$B$98,0)),0)) -> 10 | K52: =IF($B52="",0,H52*J52) -> 1.5
A53: =IF($B53="","",45) -> 45 | B53: =IF(Listes!A45="","",Listes!A45) -> Langues d'oiseaux | C53: =IF($B53="","",IFERROR(INDEX('Liste des ingrédients'!$C$5:$C$98,MATCH($B53,'Liste des ingrédients'!$B$5:$B$98,0)),"")) -> لسان عصفور (lsan 3asfour) | D53: =IF($B53="","",Listes!E45) -> 120 | E53: =IF($B53="","",IF(I53="kg","g",IF(I53="L","ml",I53))) -> g | F53: =IF($B53="",0,IF(OR(I53="kg",I53="L"),ROUND(D53/1000,3),ROUNDUP(D53,0))) -> 0.12 | H53: =IF(G53="",F53,G53) -> 0.12 | I53: =IF($B53="","",IFERROR(INDEX('Liste des ingrédients'!$G$5:$G$98,MATCH($B53,'Liste des ingrédients'!$B$5:$B$98,0)),"")) -> kg | J53: =IF($B53="",0,IFERROR(INDEX('Liste des ingrédients'!$H$5:$H$98,MATCH($B53,'Liste des ingrédients'!$B$5:$B$98,0)),0)) -> 4 | K53: =IF($B53="",0,H53*J53) -> 0.48
A54: =IF($B54="","",46) -> 46 | B54: =IF(Listes!A46="","",Listes!A46) -> Pois chiches secs | C54: =IF($B54="","",IFERROR(INDEX('Liste des ingrédients'!$C$5:$C$98,MATCH($B54,'Liste des ingrédients'!$B$5:$B$98,0)),"")) -> حمص (7ommos) | D54: =IF($B54="","",Listes!E46) -> 350 | E54: =IF($B54="","",IF(I54="kg","g",IF(I54="L","ml",I54))) -> g | F54: =IF($B54="",0,IF(OR(I54="kg",I54="L"),ROUND(D54/1000,3),ROUNDUP(D54,0))) -> 0.35 | H54: =IF(G54="",F54,G54) -> 0.35 | I54: =IF($B54="","",IFERROR(INDEX('Liste des ingrédients'!$G$5:$G$98,MATCH($B54,'Liste des ingrédients'!$B$5:$B$98,0)),"")) -> kg | J54: =IF($B54="",0,IFERROR(INDEX('Liste des ingrédients'!$H$5:$H$98,MATCH($B54,'Liste des ingrédients'!$B$5:$B$98,0)),0)) -> 6 | K54: =IF($B54="",0,H54*J54) -> 2.1
A55: =IF($B55="","",47) -> 47 | B55: =IF(Listes!A47="","",Listes!A47) -> Haricots blancs secs | C55: =IF($B55="","",IFERROR(INDEX('Liste des ingrédients'!$C$5:$C$98,MATCH($B55,'Liste des ingrédients'!$B$5:$B$98,0)),"")) -> لوبيا (loubya) | D55: =IF($B55="","",Listes!E47) -> 300 | E55: =IF($B55="","",IF(I55="kg","g",IF(I55="L","ml",I55))) -> g | F55: =IF($B55="",0,IF(OR(I55="kg",I55="L"),ROUND(D55/1000,3),ROUNDUP(D55,0))) -> 0.3 | H55: =IF(G55="",F55,G55) -> 0.3 | I55: =IF($B55="","",IFERROR(INDEX('Liste des ingrédients'!$G$5:$G$98,MATCH($B55,'Liste des ingrédients'!$B$5:$B$98,0)),"")) -> kg | J55: =IF($B55="",0,IFERROR(INDEX('Liste des ingrédients'!$H$5:$H$98,MATCH($B55,'Liste des ingrédients'!$B$5:$B$98,0)),0)) -> 6 | K55: =IF($B55="",0,H55*J55) -> 1.8
A56: =IF($B56="","",48) -> 48 | B56: =IF(Listes!A48="","",Listes!A48) -> Feuilles de malsouka | C56: =IF($B56="","",IFERROR(INDEX('Liste des ingrédients'!$C$5:$C$98,MATCH($B56,'Liste des ingrédients'!$B$5:$B$98,0)),"")) -> ملسوقة (malsouka) | D56: =IF($B56="","",Listes!E48) -> 1.75 | E56: =IF($B56="","",IF(I56="kg","g",IF(I56="L","ml",I56))) -> paquet | F56: =IF($B56="",0,IF(OR(I56="kg",I56="L"),ROUND(D56/1000,3),ROUNDUP(D56,0))) -> 2 | H56: =IF(G56="",F56,G56) -> 2 | I56: =IF($B56="","",IFERROR(INDEX('Liste des ingrédients'!$G$5:$G$98,MATCH($B56,'Liste des ingrédients'!$B$5:$B$98,0)),"")) -> paquet | J56: =IF($B56="",0,IFERROR(INDEX('Liste des ingrédients'!$H$5:$H$98,MATCH($B56,'Liste des ingrédients'!$B$5:$B$98,0)),0)) -> 1.5 | K56: =IF($B56="",0,H56*J56) -> 3
A57: =IF($B57="","",49) -> 49 | B57: =IF(Listes!A49="","",Listes!A49) -> Farine ou semoule fine | C57: =IF($B57="","",IFERROR(INDEX('Liste des ingrédients'!$C$5:$C$98,MATCH($B57,'Liste des ingrédients'!$B$5:$B$98,0)),"")) -> فارينة (farina) / سميد رقيق (smid rgig) | D57: =IF($B57="","",Listes!E49) -> 500 | E57: =IF($B57="","",IF(I57="kg","g",IF(I57="L","ml",I57))) -> g | F57: =IF($B57="",0,IF(OR(I57="kg",I57="L"),ROUND(D57/1000,3),ROUNDUP(D57,0))) -> 0.5 | H57: =IF(G57="",F57,G57) -> 0.5 | I57: =IF($B57="","",IFERROR(INDEX('Liste des ingrédients'!$G$5:$G$98,MATCH($B57,'Liste des ingrédients'!$B$5:$B$98,0)),"")) -> kg | J57: =IF($B57="",0,IFERROR(INDEX('Liste des ingrédients'!$H$5:$H$98,MATCH($B57,'Liste des ingrédients'!$B$5:$B$98,0)),0)) -> 1.2 | K57: =IF($B57="",0,H57*J57) -> 0.6
A58: =IF($B58="","",50) -> 50 | B58: =IF(Listes!A50="","",Listes!A50) -> Levure boulangère | C58: =IF($B58="","",IFERROR(INDEX('Liste des ingrédients'!$C$5:$C$98,MATCH($B58,'Liste des ingrédients'!$B$5:$B$98,0)),"")) -> خميرة (khmira) | D58: =IF($B58="","",Listes!E50) -> 1 | E58: =IF($B58="","",IF(I58="kg","g",IF(I58="L","ml",I58))) -> sachet | F58: =IF($B58="",0,IF(OR(I58="kg",I58="L"),ROUND(D58/1000,3),ROUNDUP(D58,0))) -> 1 | H58: =IF(G58="",F58,G58) -> 1 | I58: =IF($B58="","",IFERROR(INDEX('Liste des ingrédients'!$G$5:$G$98,MATCH($B58,'Liste des ingrédients'!$B$5:$B$98,0)),"")) -> sachet | J58: =IF($B58="",0,IFERROR(INDEX('Liste des ingrédients'!$H$5:$H$98,MATCH($B58,'Liste des ingrédients'!$B$5:$B$98,0)),0)) -> 0.3 | K58: =IF($B58="",0,H58*J58) -> 0.3
A59: =IF($B59="","",51) -> 51 | B59: =IF(Listes!A51="","",Listes!A51) -> Chapelure | C59: =IF($B59="","",IFERROR(INDEX('Liste des ingrédients'!$C$5:$C$98,MATCH($B59,'Liste des ingrédients'!$B$5:$B$98,0)),"")) -> شابلور (chapelure) | D59: =IF($B59="","",Listes!E51) -> 60 | E59: =IF($B59="","",IF(I59="kg","g",IF(I59="L","ml",I59))) -> g | F59: =IF($B59="",0,IF(OR(I59="kg",I59="L"),ROUND(D59/1000,3),ROUNDUP(D59,0))) -> 0.06 | H59: =IF(G59="",F59,G59) -> 0.06 | I59: =IF($B59="","",IFERROR(INDEX('Liste des ingrédients'!$G$5:$G$98,MATCH($B59,'Liste des ingrédients'!$B$5:$B$98,0)),"")) -> kg | J59: =IF($B59="",0,IFERROR(INDEX('Liste des ingrédients'!$H$5:$H$98,MATCH($B59,'Liste des ingrédients'!$B$5:$B$98,0)),0)) -> 8 | K59: =IF($B59="",0,H59*J59) -> 0.48
A60: =IF($B60="","",52) -> 52 | B60: =IF(Listes!A52="","",Listes!A52) -> Pain (baguettes ou tabouna) | C60: =IF($B60="","",IFERROR(INDEX('Liste des ingrédients'!$C$5:$C$98,MATCH($B60,'Liste des ingrédients'!$B$5:$B$98,0)),"")) -> خبز باقات / طابونة | D60: =IF($B60="","",Listes!E52) -> 4 | E60: =IF($B60="","",IF(I60="kg","g",IF(I60="L","ml",I60))) -> baguette | F60: =IF($B60="",0,IF(OR(I60="kg",I60="L"),ROUND(D60/1000,3),ROUNDUP(D60,0))) -> 4 | H60: =IF(G60="",F60,G60) -> 4 | I60: =IF($B60="","",IFERROR(INDEX('Liste des ingrédients'!$G$5:$G$98,MATCH($B60,'Liste des ingrédients'!$B$5:$B$98,0)),"")) -> baguette | J60: =IF($B60="",0,IFERROR(INDEX('Liste des ingrédients'!$H$5:$H$98,MATCH($B60,'Liste des ingrédients'!$B$5:$B$98,0)),0)) -> 0.2 | K60: =IF($B60="",0,H60*J60) -> 0.8
A61: =IF($B61="","",53) -> 53 | B61: =IF(Listes!A53="","",Listes!A53) -> Poudre de mloukhia | C61: =IF($B61="","",IFERROR(INDEX('Liste des ingrédients'!$C$5:$C$98,MATCH($B61,'Liste des ingrédients'!$B$5:$B$98,0)),"")) -> ملوخية (mloukhia) | D61: =IF($B61="","",Listes!E53) -> 100 | E61: =IF($B61="","",IF(I61="kg","g",IF(I61="L","ml",I61))) -> g | F61: =IF($B61="",0,IF(OR(I61="kg",I61="L"),ROUND(D61/1000,3),ROUNDUP(D61,0))) -> 0.1 | H61: =IF(G61="",F61,G61) -> 0.1 | I61: =IF($B61="","",IFERROR(INDEX('Liste des ingrédients'!$G$5:$G$98,MATCH($B61,'Liste des ingrédients'!$B$5:$B$98,0)),"")) -> kg | J61: =IF($B61="",0,IFERROR(INDEX('Liste des ingrédients'!$H$5:$H$98,MATCH($B61,'Liste des ingrédients'!$B$5:$B$98,0)),0)) -> 40 | K61: =IF($B61="",0,H61*J61) -> 4
A62: =IF($B62="","",54) -> 54 | B62: =IF(Listes!A54="","",Listes!A54) -> Huile d'olive | C62: =IF($B62="","",IFERROR(INDEX('Liste des ingrédients'!$C$5:$C$98,MATCH($B62,'Liste des ingrédients'!$B$5:$B$98,0)),"")) -> زيت زيتون (zit zitoun) | D62: =IF($B62="","",Listes!E54) -> 2270 | E62: =IF($B62="","",IF(I62="kg","g",IF(I62="L","ml",I62))) -> ml | F62: =IF($B62="",0,IF(OR(I62="kg",I62="L"),ROUND(D62/1000,3),ROUNDUP(D62,0))) -> 2.27 | H62: =IF(G62="",F62,G62) -> 2.27 | I62: =IF($B62="","",IFERROR(INDEX('Liste des ingrédients'!$G$5:$G$98,MATCH($B62,'Liste des ingrédients'!$B$5:$B$98,0)),"")) -> L | J62: =IF($B62="",0,IFERROR(INDEX('Liste des ingrédients'!$H$5:$H$98,MATCH($B62,'Liste des ingrédients'!$B$5:$B$98,0)),0)) -> 12.5 | K62: =IF($B62="",0,H62*J62) -> 28.375
A63: =IF($B63="","",55) -> 55 | B63: =IF(Listes!A55="","",Listes!A55) -> Huile de friture | C63: =IF($B63="","",IFERROR(INDEX('Liste des ingrédients'!$C$5:$C$98,MATCH($B63,'Liste des ingrédients'!$B$5:$B$98,0)),"")) -> زيت نباتي (zit nabeti) | D63: =IF($B63="","",Listes!E55) -> 3200 | E63: =IF($B63="","",IF(I63="kg","g",IF(I63="L","ml",I63))) -> ml | F63: =IF($B63="",0,IF(OR(I63="kg",I63="L"),ROUND(D63/1000,3),ROUNDUP(D63,0))) -> 3.2 | H63: =IF(G63="",F63,G63) -> 3.2 | I63: =IF($B63="","",IFERROR(INDEX('Liste des ingrédients'!$G$5:$G$98,MATCH($B63,'Liste des ingrédients'!$B$5:$B$98,0)),"")) -> L | J63: =IF($B63="",0,IFERROR(INDEX('Liste des ingrédients'!$H$5:$H$98,MATCH($B63,'Liste des ingrédients'!$B$5:$B$98,0)),0)) -> 6 | K63: =IF($B63="",0,H63*J63) -> 19.2
A64: =IF($B64="","",56) -> 56 | B64: =IF(Listes!A56="","",Listes!A56) -> Concentré de tomate | C64: =IF($B64="","",IFERROR(INDEX('Liste des ingrédients'!$C$5:$C$98,MATCH($B64,'Liste des ingrédients'!$B$5:$B$98,0)),"")) -> طماطم معجون (tmatem m3ajna) | D64: =IF($B64="","",Listes!E56) -> 600 | E64: =IF($B64="","",IF(I64="kg","g",IF(I64="L","ml",I64))) -> g | F64: =IF($B64="",0,IF(OR(I64="kg",I64="L"),ROUND(D64/1000,3),ROUNDUP(D64,0))) -> 0.6 | H64: =IF(G64="",F64,G64) -> 0.6 | I64: =IF($B64="","",IFERROR(INDEX('Liste des ingrédients'!$G$5:$G$98,MATCH($B64,'Liste des ingrédients'!$B$5:$B$98,0)),"")) -> kg | J64: =IF($B64="",0,IFERROR(INDEX('Liste des ingrédients'!$H$5:$H$98,MATCH($B64,'Liste des ingrédients'!$B$5:$B$98,0)),0)) -> 9 | K64: =IF($B64="",0,H64*J64) -> 5.4
A65: =IF($B65="","",57) -> 57 | B65: =IF(Listes!A57="","",Listes!A57) -> Harissa | C65: =IF($B65="","",IFERROR(INDEX('Liste des ingrédients'!$C$5:$C$98,MATCH($B65,'Liste des ingrédients'!$B$5:$B$98,0)),"")) -> هريسة (harissa) | D65: =IF($B65="","",Listes!E57) -> 173 | E65: =IF($B65="","",IF(I65="kg","g",IF(I65="L","ml",I65))) -> g | F65: =IF($B65="",0,IF(OR(I65="kg",I65="L"),ROUND(D65/1000,3),ROUNDUP(D65,0))) -> 0.173 | H65: =IF(G65="",F65,G65) -> 0.173 | I65: =IF($B65="","",IFERROR(INDEX('Liste des ingrédients'!$G$5:$G$98,MATCH($B65,'Liste des ingrédients'!$B$5:$B$98,0)),"")) -> kg | J65: =IF($B65="",0,IFERROR(INDEX('Liste des ingrédients'!$H$5:$H$98,MATCH($B65,'Liste des ingrédients'!$B$5:$B$98,0)),0)) -> 11 | K65: =IF($B65="",0,H65*J65) -> 1.903
A66: =IF($B66="","",58) -> 58 | B66: =IF(Listes!A58="","",Listes!A58) -> Tabel (ou tabel-karwiya) | C66: =IF($B66="","",IFERROR(INDEX('Liste des ingrédients'!$C$5:$C$98,MATCH($B66,'Liste des ingrédients'!$B$5:$B$98,0)),"")) -> تابل (tabel) | D66: =IF($B66="","",Listes!E58) -> 46 | E66: =IF($B66="","",IF(I66="kg","g",IF(I66="L","ml",I66))) -> g | F66: =IF($B66="",0,IF(OR(I66="kg",I66="L"),ROUND(D66/1000,3),ROUNDUP(D66,0))) -> 0.046 | H66: =IF(G66="",F66,G66) -> 0.046 | I66: =IF($B66="","",IFERROR(INDEX('Liste des ingrédients'!$G$5:$G$98,MATCH($B66,'Liste des ingrédients'!$B$5:$B$98,0)),"")) -> kg | J66: =IF($B66="",0,IFERROR(INDEX('Liste des ingrédients'!$H$5:$H$98,MATCH($B66,'Liste des ingrédients'!$B$5:$B$98,0)),0)) -> 33 | K66: =IF($B66="",0,H66*J66) -> 1.518
A67: =IF($B67="","",59) -> 59 | B67: =IF(Listes!A59="","",Listes!A59) -> Curcuma | C67: =IF($B67="","",IFERROR(INDEX('Liste des ingrédients'!$C$5:$C$98,MATCH($B67,'Liste des ingrédients'!$B$5:$B$98,0)),"")) -> عقدة صفراء (3agda safra) | D67: =IF($B67="","",Listes!E59) -> 30 | E67: =IF($B67="","",IF(I67="kg","g",IF(I67="L","ml",I67))) -> g | F67: =IF($B67="",0,IF(OR(I67="kg",I67="L"),ROUND(D67/1000,3),ROUNDUP(D67,0))) -> 0.03 | H67: =IF(G67="",F67,G67) -> 0.03 | I67: =IF($B67="","",IFERROR(INDEX('Liste des ingrédients'!$G$5:$G$98,MATCH($B67,'Liste des ingrédients'!$B$5:$B$98,0)),"")) -> kg | J67: =IF($B67="",0,IFERROR(INDEX('Liste des ingrédients'!$H$5:$H$98,MATCH($B67,'Liste des ingrédients'!$B$5:$B$98,0)),0)) -> 40 | K67: =IF($B67="",0,H67*J67) -> 1.2
A68: =IF($B68="","",60) -> 60 | B68: =IF(Listes!A60="","",Listes!A60) -> Piment doux / paprika | C68: =IF($B68="","",IFERROR(INDEX('Liste des ingrédients'!$C$5:$C$98,MATCH($B68,'Liste des ingrédients'!$B$5:$B$98,0)),"")) -> فلفل زينة (felfel zina) | D68: =IF($B68="","",Listes!E60) -> 22.5 | E68: =IF($B68="","",IF(I68="kg","g",IF(I68="L","ml",I68))) -> g | F68: =IF($B68="",0,IF(OR(I68="kg",I68="L"),ROUND(D68/1000,3),ROUNDUP(D68,0))) -> 0.023 | H68: =IF(G68="",F68,G68) -> 0.023 | I68: =IF($B68="","",IFERROR(INDEX('Liste des ingrédients'!$G$5:$G$98,MATCH($B68,'Liste des ingrédients'!$B$5:$B$98,0)),"")) -> kg | J68: =IF($B68="",0,IFERROR(INDEX('Liste des ingrédients'!$H$5:$H$98,MATCH($B68,'Liste des ingrédients'!$B$5:$B$98,0)),0)) -> 40 | K68: =IF($B68="",0,H68*J68) -> 0.92
A69: =IF($B69="","",61) -> 61 | B69: =IF(Listes!A61="","",Listes!A61) -> Carvi | C69: =IF($B69="","",IFERROR(INDEX('Liste des ingrédients'!$C$5:$C$98,MATCH($B69,'Liste des ingrédients'!$B$5:$B$98,0)),"")) -> كروية (karwiya) | D69: =IF($B69="","",Listes!E61) -> 18 | E69: =IF($B69="","",IF(I69="kg","g",IF(I69="L","ml",I69))) -> g | F69: =IF($B69="",0,IF(OR(I69="kg",I69="L"),ROUND(D69/1000,3),ROUNDUP(D69,0))) -> 0.018 | H69: =IF(G69="",F69,G69) -> 0.018 | I69: =IF($B69="","",IFERROR(INDEX('Liste des ingrédients'!$G$5:$G$98,MATCH($B69,'Liste des ingrédients'!$B$5:$B$98,0)),"")) -> kg | J69: =IF($B69="",0,IFERROR(INDEX('Liste des ingrédients'!$H$5:$H$98,MATCH($B69,'Liste des ingrédients'!$B$5:$B$98,0)),0)) -> 40 | K69: =IF($B69="",0,H69*J69) -> 0.72
A70: =IF($B70="","",62) -> 62 | B70: =IF(Listes!A62="","",Listes!A62) -> Menthe séchée | C70: =IF($B70="","",IFERROR(INDEX('Liste des ingrédients'!$C$5:$C$98,MATCH($B70,'Liste des ingrédients'!$B$5:$B$98,0)),"")) -> نعناع شايح (na3na3 cheye7) | D70: =IF($B70="","",Listes!E62) -> 7 | E70: =IF($B70="","",IF(I70="kg","g",IF(I70="L","ml",I70))) -> g | F70: =IF($B70="",0,IF(OR(I70="kg",I70="L"),ROUND(D70/1000,3),ROUNDUP(D70,0))) -> 0.007 | H70: =IF(G70="",F70,G70) -> 0.007 | I70: =IF($B70="","",IFERROR(INDEX('Liste des ingrédients'!$G$5:$G$98,MATCH($B70,'Liste des ingrédients'!$B$5:$B$98,0)),"")) -> kg | J70: =IF($B70="",0,IFERROR(INDEX('Liste des ingrédients'!$H$5:$H$98,MATCH($B70,'Liste des ingrédients'!$B$5:$B$98,0)),0)) -> 50 | K70: =IF($B70="",0,H70*J70) -> 0.35
A71: =IF($B71="","",63) -> 63 | B71: =IF(Listes!A63="","",Listes!A63) -> Cumin | C71: =IF($B71="","",IFERROR(INDEX('Liste des ingrédients'!$C$5:$C$98,MATCH($B71,'Liste des ingrédients'!$B$5:$B$98,0)),"")) -> كمون (kammoun) | D71: =IF($B71="","",Listes!E63) -> 6 | E71: =IF($B71="","",IF(I71="kg","g",IF(I71="L","ml",I71))) -> g | F71: =IF($B71="",0,IF(OR(I71="kg",I71="L"),ROUND(D71/1000,3),ROUNDUP(D71,0))) -> 0.006 | H71: =IF(G71="",F71,G71) -> 0.006 | I71: =IF($B71="","",IFERROR(INDEX('Liste des ingrédients'!$G$5:$G$98,MATCH($B71,'Liste des ingrédients'!$B$5:$B$98,0)),"")) -> kg | J71: =IF($B71="",0,IFERROR(INDEX('Liste des ingrédients'!$H$5:$H$98,MATCH($B71,'Liste des ingrédients'!$B$5:$B$98,0)),0)) -> 50 | K71: =IF($B71="",0,H71*J71) -> 0.3
A72: =IF($B72="","",64) -> 64 | B72: =IF(Listes!A64="","",Listes!A64) -> Laurier | C72: =IF($B72="","",IFERROR(INDEX('Liste des ingrédients'!$C$5:$C$98,MATCH($B72,'Liste des ingrédients'!$B$5:$B$98,0)),"")) -> ورق رند (wra9 rand) | D72: =IF($B72="","",Listes!E64) -> 1 | E72: =IF($B72="","",IF(I72="kg","g",IF(I72="L","ml",I72))) -> forfait | F72: =IF($B72="",0,IF(OR(I72="kg",I72="L"),ROUND(D72/1000,3),ROUNDUP(D72,0))) -> 1 | H72: =IF(G72="",F72,G72) -> 1 | I72: =IF($B72="","",IFERROR(INDEX('Liste des ingrédients'!$G$5:$G$98,MATCH($B72,'Liste des ingrédients'!$B$5:$B$98,0)),"")) -> forfait | J72: =IF($B72="",0,IFERROR(INDEX('Liste des ingrédients'!$H$5:$H$98,MATCH($B72,'Liste des ingrédients'!$B$5:$B$98,0)),0)) -> 0.2 | K72: =IF($B72="",0,H72*J72) -> 0.2
A73: =IF($B73="","",65) -> 65 | B73: =IF(Listes!A65="","",Listes!A65) -> Câpres (facultatif) | C73: =IF($B73="","",IFERROR(INDEX('Liste des ingrédients'!$C$5:$C$98,MATCH($B73,'Liste des ingrédients'!$B$5:$B$98,0)),"")) -> كبار (kabbar) | D73: =IF($B73="","",Listes!E65) -> 10 | E73: =IF($B73="","",IF(I73="kg","g",IF(I73="L","ml",I73))) -> g | F73: =IF($B73="",0,IF(OR(I73="kg",I73="L"),ROUND(D73/1000,3),ROUNDUP(D73,0))) -> 0.01 | H73: =IF(G73="",F73,G73) -> 0.01 | I73: =IF($B73="","",IFERROR(INDEX('Liste des ingrédients'!$G$5:$G$98,MATCH($B73,'Liste des ingrédients'!$B$5:$B$98,0)),"")) -> kg | J73: =IF($B73="",0,IFERROR(INDEX('Liste des ingrédients'!$H$5:$H$98,MATCH($B73,'Liste des ingrédients'!$B$5:$B$98,0)),0)) -> 30 | K73: =IF($B73="",0,H73*J73) -> 0.3
A74: =IF($B74="","",66) -> 66 | B74: =IF(Listes!A66="","",Listes!A66) -> Sel | C74: =IF($B74="","",IFERROR(INDEX('Liste des ingrédients'!$C$5:$C$98,MATCH($B74,'Liste des ingrédients'!$B$5:$B$98,0)),"")) -> ملح (mel7) | D74: =IF($B74="","",Listes!E66) -> 252 | E74: =IF($B74="","",IF(I74="kg","g",IF(I74="L","ml",I74))) -> g | F74: =IF($B74="",0,IF(OR(I74="kg",I74="L"),ROUND(D74/1000,3),ROUNDUP(D74,0))) -> 0.252 | H74: =IF(G74="",F74,G74) -> 0.252 | I74: =IF($B74="","",IFERROR(INDEX('Liste des ingrédients'!$G$5:$G$98,MATCH($B74,'Liste des ingrédients'!$B$5:$B$98,0)),"")) -> kg | J74: =IF($B74="",0,IFERROR(INDEX('Liste des ingrédients'!$H$5:$H$98,MATCH($B74,'Liste des ingrédients'!$B$5:$B$98,0)),0)) -> 0.8 | K74: =IF($B74="",0,H74*J74) -> 0.2016
A75: =IF($B75="","",67) -> 67 | B75: =IF(Listes!A67="","",Listes!A67) -> Poivre noir | C75: =IF($B75="","",IFERROR(INDEX('Liste des ingrédients'!$C$5:$C$98,MATCH($B75,'Liste des ingrédients'!$B$5:$B$98,0)),"")) -> فلفل أكحل (felfel ak7el) | D75: =IF($B75="","",Listes!E67) -> 29.5 | E75: =IF($B75="","",IF(I75="kg","g",IF(I75="L","ml",I75))) -> g | F75: =IF($B75="",0,IF(OR(I75="kg",I75="L"),ROUND(D75/1000,3),ROUNDUP(D75,0))) -> 0.03 | H75: =IF(G75="",F75,G75) -> 0.03 | I75: =IF($B75="","",IFERROR(INDEX('Liste des ingrédients'!$G$5:$G$98,MATCH($B75,'Liste des ingrédients'!$B$5:$B$98,0)),"")) -> kg | J75: =IF($B75="",0,IFERROR(INDEX('Liste des ingrédients'!$H$5:$H$98,MATCH($B75,'Liste des ingrédients'!$B$5:$B$98,0)),0)) -> 50 | K75: =IF($B75="",0,H75*J75) -> 1.5
A76: =IF($B76="","",68) | B76: =IF(Listes!A68="","",Listes!A68) | C76: =IF($B76="","",IFERROR(INDEX('Liste des ingrédients'!$C$5:$C$98,MATCH($B76,'Liste des ingrédients'!$B$5:$B$98,0)),"")) | D76: =IF($B76="","",Listes!E68) | E76: =IF($B76="","",IF(I76="kg","g",IF(I76="L","ml",I76))) | F76: =IF($B76="",0,IF(OR(I76="kg",I76="L"),ROUND(D76/1000,3),ROUNDUP(D76,0))) -> 0 | H76: =IF(G76="",F76,G76) -> 0 | I76: =IF($B76="","",IFERROR(INDEX('Liste des ingrédients'!$G$5:$G$98,MATCH($B76,'Liste des ingrédients'!$B$5:$B$98,0)),"")) | J76: =IF($B76="",0,IFERROR(INDEX('Liste des ingrédients'!$H$5:$H$98,MATCH($B76,'Liste des ingrédients'!$B$5:$B$98,0)),0)) -> 0 | K76: =IF($B76="",0,H76*J76) -> 0
A77: =IF($B77="","",69) | B77: =IF(Listes!A69="","",Listes!A69) | C77: =IF($B77="","",IFERROR(INDEX('Liste des ingrédients'!$C$5:$C$98,MATCH($B77,'Liste des ingrédients'!$B$5:$B$98,0)),"")) | D77: =IF($B77="","",Listes!E69) | E77: =IF($B77="","",IF(I77="kg","g",IF(I77="L","ml",I77))) | F77: =IF($B77="",0,IF(OR(I77="kg",I77="L"),ROUND(D77/1000,3),ROUNDUP(D77,0))) -> 0 | H77: =IF(G77="",F77,G77) -> 0 | I77: =IF($B77="","",IFERROR(INDEX('Liste des ingrédients'!$G$5:$G$98,MATCH($B77,'Liste des ingrédients'!$B$5:$B$98,0)),"")) | J77: =IF($B77="",0,IFERROR(INDEX('Liste des ingrédients'!$H$5:$H$98,MATCH($B77,'Liste des ingrédients'!$B$5:$B$98,0)),0)) -> 0 | K77: =IF($B77="",0,H77*J77) -> 0
A78: =IF($B78="","",70) | B78: =IF(Listes!A70="","",Listes!A70) | C78: =IF($B78="","",IFERROR(INDEX('Liste des ingrédients'!$C$5:$C$98,MATCH($B78,'Liste des ingrédients'!$B$5:$B$98,0)),"")) | D78: =IF($B78="","",Listes!E70) | E78: =IF($B78="","",IF(I78="kg","g",IF(I78="L","ml",I78))) | F78: =IF($B78="",0,IF(OR(I78="kg",I78="L"),ROUND(D78/1000,3),ROUNDUP(D78,0))) -> 0 | H78: =IF(G78="",F78,G78) -> 0 | I78: =IF($B78="","",IFERROR(INDEX('Liste des ingrédients'!$G$5:$G$98,MATCH($B78,'Liste des ingrédients'!$B$5:$B$98,0)),"")) | J78: =IF($B78="",0,IFERROR(INDEX('Liste des ingrédients'!$H$5:$H$98,MATCH($B78,'Liste des ingrédients'!$B$5:$B$98,0)),0)) -> 0 | K78: =IF($B78="",0,H78*J78) -> 0
A79: =IF($B79="","",71) | B79: =IF(Listes!A71="","",Listes!A71) | C79: =IF($B79="","",IFERROR(INDEX('Liste des ingrédients'!$C$5:$C$98,MATCH($B79,'Liste des ingrédients'!$B$5:$B$98,0)),"")) | D79: =IF($B79="","",Listes!E71) | E79: =IF($B79="","",IF(I79="kg","g",IF(I79="L","ml",I79))) | F79: =IF($B79="",0,IF(OR(I79="kg",I79="L"),ROUND(D79/1000,3),ROUNDUP(D79,0))) -> 0 | H79: =IF(G79="",F79,G79) -> 0 | I79: =IF($B79="","",IFERROR(INDEX('Liste des ingrédients'!$G$5:$G$98,MATCH($B79,'Liste des ingrédients'!$B$5:$B$98,0)),"")) | J79: =IF($B79="",0,IFERROR(INDEX('Liste des ingrédients'!$H$5:$H$98,MATCH($B79,'Liste des ingrédients'!$B$5:$B$98,0)),0)) -> 0 | K79: =IF($B79="",0,H79*J79) -> 0
A80: =IF($B80="","",72) | B80: =IF(Listes!A72="","",Listes!A72) | C80: =IF($B80="","",IFERROR(INDEX('Liste des ingrédients'!$C$5:$C$98,MATCH($B80,'Liste des ingrédients'!$B$5:$B$98,0)),"")) | D80: =IF($B80="","",Listes!E72) | E80: =IF($B80="","",IF(I80="kg","g",IF(I80="L","ml",I80))) | F80: =IF($B80="",0,IF(OR(I80="kg",I80="L"),ROUND(D80/1000,3),ROUNDUP(D80,0))) -> 0 | H80: =IF(G80="",F80,G80) -> 0 | I80: =IF($B80="","",IFERROR(INDEX('Liste des ingrédients'!$G$5:$G$98,MATCH($B80,'Liste des ingrédients'!$B$5:$B$98,0)),"")) | J80: =IF($B80="",0,IFERROR(INDEX('Liste des ingrédients'!$H$5:$H$98,MATCH($B80,'Liste des ingrédients'!$B$5:$B$98,0)),0)) -> 0 | K80: =IF($B80="",0,H80*J80) -> 0
A81: =IF($B81="","",73) | B81: =IF(Listes!A73="","",Listes!A73) | C81: =IF($B81="","",IFERROR(INDEX('Liste des ingrédients'!$C$5:$C$98,MATCH($B81,'Liste des ingrédients'!$B$5:$B$98,0)),"")) | D81: =IF($B81="","",Listes!E73) | E81: =IF($B81="","",IF(I81="kg","g",IF(I81="L","ml",I81))) | F81: =IF($B81="",0,IF(OR(I81="kg",I81="L"),ROUND(D81/1000,3),ROUNDUP(D81,0))) -> 0 | H81: =IF(G81="",F81,G81) -> 0 | I81: =IF($B81="","",IFERROR(INDEX('Liste des ingrédients'!$G$5:$G$98,MATCH($B81,'Liste des ingrédients'!$B$5:$B$98,0)),"")) | J81: =IF($B81="",0,IFERROR(INDEX('Liste des ingrédients'!$H$5:$H$98,MATCH($B81,'Liste des ingrédients'!$B$5:$B$98,0)),0)) -> 0 | K81: =IF($B81="",0,H81*J81) -> 0
A82: =IF($B82="","",74) | B82: =IF(Listes!A74="","",Listes!A74) | C82: =IF($B82="","",IFERROR(INDEX('Liste des ingrédients'!$C$5:$C$98,MATCH($B82,'Liste des ingrédients'!$B$5:$B$98,0)),"")) | D82: =IF($B82="","",Listes!E74) | E82: =IF($B82="","",IF(I82="kg","g",IF(I82="L","ml",I82))) | F82: =IF($B82="",0,IF(OR(I82="kg",I82="L"),ROUND(D82/1000,3),ROUNDUP(D82,0))) -> 0 | H82: =IF(G82="",F82,G82) -> 0 | I82: =IF($B82="","",IFERROR(INDEX('Liste des ingrédients'!$G$5:$G$98,MATCH($B82,'Liste des ingrédients'!$B$5:$B$98,0)),"")) | J82: =IF($B82="",0,IFERROR(INDEX('Liste des ingrédients'!$H$5:$H$98,MATCH($B82,'Liste des ingrédients'!$B$5:$B$98,0)),0)) -> 0 | K82: =IF($B82="",0,H82*J82) -> 0
A83: =IF($B83="","",75) | B83: =IF(Listes!A75="","",Listes!A75) | C83: =IF($B83="","",IFERROR(INDEX('Liste des ingrédients'!$C$5:$C$98,MATCH($B83,'Liste des ingrédients'!$B$5:$B$98,0)),"")) | D83: =IF($B83="","",Listes!E75) | E83: =IF($B83="","",IF(I83="kg","g",IF(I83="L","ml",I83))) | F83: =IF($B83="",0,IF(OR(I83="kg",I83="L"),ROUND(D83/1000,3),ROUNDUP(D83,0))) -> 0 | H83: =IF(G83="",F83,G83) -> 0 | I83: =IF($B83="","",IFERROR(INDEX('Liste des ingrédients'!$G$5:$G$98,MATCH($B83,'Liste des ingrédients'!$B$5:$B$98,0)),"")) | J83: =IF($B83="",0,IFERROR(INDEX('Liste des ingrédients'!$H$5:$H$98,MATCH($B83,'Liste des ingrédients'!$B$5:$B$98,0)),0)) -> 0 | K83: =IF($B83="",0,H83*J83) -> 0
A84: =IF($B84="","",76) | B84: =IF(Listes!A76="","",Listes!A76) | C84: =IF($B84="","",IFERROR(INDEX('Liste des ingrédients'!$C$5:$C$98,MATCH($B84,'Liste des ingrédients'!$B$5:$B$98,0)),"")) | D84: =IF($B84="","",Listes!E76) | E84: =IF($B84="","",IF(I84="kg","g",IF(I84="L","ml",I84))) | F84: =IF($B84="",0,IF(OR(I84="kg",I84="L"),ROUND(D84/1000,3),ROUNDUP(D84,0))) -> 0 | H84: =IF(G84="",F84,G84) -> 0 | I84: =IF($B84="","",IFERROR(INDEX('Liste des ingrédients'!$G$5:$G$98,MATCH($B84,'Liste des ingrédients'!$B$5:$B$98,0)),"")) | J84: =IF($B84="",0,IFERROR(INDEX('Liste des ingrédients'!$H$5:$H$98,MATCH($B84,'Liste des ingrédients'!$B$5:$B$98,0)),0)) -> 0 | K84: =IF($B84="",0,H84*J84) -> 0
A85: =IF($B85="","",77) | B85: =IF(Listes!A77="","",Listes!A77) | C85: =IF($B85="","",IFERROR(INDEX('Liste des ingrédients'!$C$5:$C$98,MATCH($B85,'Liste des ingrédients'!$B$5:$B$98,0)),"")) | D85: =IF($B85="","",Listes!E77) | E85: =IF($B85="","",IF(I85="kg","g",IF(I85="L","ml",I85))) | F85: =IF($B85="",0,IF(OR(I85="kg",I85="L"),ROUND(D85/1000,3),ROUNDUP(D85,0))) -> 0 | H85: =IF(G85="",F85,G85) -> 0 | I85: =IF($B85="","",IFERROR(INDEX('Liste des ingrédients'!$G$5:$G$98,MATCH($B85,'Liste des ingrédients'!$B$5:$B$98,0)),"")) | J85: =IF($B85="",0,IFERROR(INDEX('Liste des ingrédients'!$H$5:$H$98,MATCH($B85,'Liste des ingrédients'!$B$5:$B$98,0)),0)) -> 0 | K85: =IF($B85="",0,H85*J85) -> 0
A86: =IF($B86="","",78) | B86: =IF(Listes!A78="","",Listes!A78) | C86: =IF($B86="","",IFERROR(INDEX('Liste des ingrédients'!$C$5:$C$98,MATCH($B86,'Liste des ingrédients'!$B$5:$B$98,0)),"")) | D86: =IF($B86="","",Listes!E78) | E86: =IF($B86="","",IF(I86="kg","g",IF(I86="L","ml",I86))) | F86: =IF($B86="",0,IF(OR(I86="kg",I86="L"),ROUND(D86/1000,3),ROUNDUP(D86,0))) -> 0 | H86: =IF(G86="",F86,G86) -> 0 | I86: =IF($B86="","",IFERROR(INDEX('Liste des ingrédients'!$G$5:$G$98,MATCH($B86,'Liste des ingrédients'!$B$5:$B$98,0)),"")) | J86: =IF($B86="",0,IFERROR(INDEX('Liste des ingrédients'!$H$5:$H$98,MATCH($B86,'Liste des ingrédients'!$B$5:$B$98,0)),0)) -> 0 | K86: =IF($B86="",0,H86*J86) -> 0
A87: =IF($B87="","",79) | B87: =IF(Listes!A79="","",Listes!A79) | C87: =IF($B87="","",IFERROR(INDEX('Liste des ingrédients'!$C$5:$C$98,MATCH($B87,'Liste des ingrédients'!$B$5:$B$98,0)),"")) | D87: =IF($B87="","",Listes!E79) | E87: =IF($B87="","",IF(I87="kg","g",IF(I87="L","ml",I87))) | F87: =IF($B87="",0,IF(OR(I87="kg",I87="L"),ROUND(D87/1000,3),ROUNDUP(D87,0))) -> 0 | H87: =IF(G87="",F87,G87) -> 0 | I87: =IF($B87="","",IFERROR(INDEX('Liste des ingrédients'!$G$5:$G$98,MATCH($B87,'Liste des ingrédients'!$B$5:$B$98,0)),"")) | J87: =IF($B87="",0,IFERROR(INDEX('Liste des ingrédients'!$H$5:$H$98,MATCH($B87,'Liste des ingrédients'!$B$5:$B$98,0)),0)) -> 0 | K87: =IF($B87="",0,H87*J87) -> 0
A88: =IF($B88="","",80) | B88: =IF(Listes!A80="","",Listes!A80) | C88: =IF($B88="","",IFERROR(INDEX('Liste des ingrédients'!$C$5:$C$98,MATCH($B88,'Liste des ingrédients'!$B$5:$B$98,0)),"")) | D88: =IF($B88="","",Listes!E80) | E88: =IF($B88="","",IF(I88="kg","g",IF(I88="L","ml",I88))) | F88: =IF($B88="",0,IF(OR(I88="kg",I88="L"),ROUND(D88/1000,3),ROUNDUP(D88,0))) -> 0 | H88: =IF(G88="",F88,G88) -> 0 | I88: =IF($B88="","",IFERROR(INDEX('Liste des ingrédients'!$G$5:$G$98,MATCH($B88,'Liste des ingrédients'!$B$5:$B$98,0)),"")) | J88: =IF($B88="",0,IFERROR(INDEX('Liste des ingrédients'!$H$5:$H$98,MATCH($B88,'Liste des ingrédients'!$B$5:$B$98,0)),0)) -> 0 | K88: =IF($B88="",0,H88*J88) -> 0
A89: =IF($B89="","",81) | B89: =IF(Listes!A81="","",Listes!A81) | C89: =IF($B89="","",IFERROR(INDEX('Liste des ingrédients'!$C$5:$C$98,MATCH($B89,'Liste des ingrédients'!$B$5:$B$98,0)),"")) | D89: =IF($B89="","",Listes!E81) | E89: =IF($B89="","",IF(I89="kg","g",IF(I89="L","ml",I89))) | F89: =IF($B89="",0,IF(OR(I89="kg",I89="L"),ROUND(D89/1000,3),ROUNDUP(D89,0))) -> 0 | H89: =IF(G89="",F89,G89) -> 0 | I89: =IF($B89="","",IFERROR(INDEX('Liste des ingrédients'!$G$5:$G$98,MATCH($B89,'Liste des ingrédients'!$B$5:$B$98,0)),"")) | J89: =IF($B89="",0,IFERROR(INDEX('Liste des ingrédients'!$H$5:$H$98,MATCH($B89,'Liste des ingrédients'!$B$5:$B$98,0)),0)) -> 0 | K89: =IF($B89="",0,H89*J89) -> 0
A90: =IF($B90="","",82) | B90: =IF(Listes!A82="","",Listes!A82) | C90: =IF($B90="","",IFERROR(INDEX('Liste des ingrédients'!$C$5:$C$98,MATCH($B90,'Liste des ingrédients'!$B$5:$B$98,0)),"")) | D90: =IF($B90="","",Listes!E82) | E90: =IF($B90="","",IF(I90="kg","g",IF(I90="L","ml",I90))) | F90: =IF($B90="",0,IF(OR(I90="kg",I90="L"),ROUND(D90/1000,3),ROUNDUP(D90,0))) -> 0 | H90: =IF(G90="",F90,G90) -> 0 | I90: =IF($B90="","",IFERROR(INDEX('Liste des ingrédients'!$G$5:$G$98,MATCH($B90,'Liste des ingrédients'!$B$5:$B$98,0)),"")) | J90: =IF($B90="",0,IFERROR(INDEX('Liste des ingrédients'!$H$5:$H$98,MATCH($B90,'Liste des ingrédients'!$B$5:$B$98,0)),0)) -> 0 | K90: =IF($B90="",0,H90*J90) -> 0

Sheet Plats
A1: Plats à préparer – coût automatique
A2: Mettez « Non » dans « Préparer ? » pour retirer un plat. Pour AJOUTER un plat : tapez le jour, le repas et le nom dans une ligne jaune en bas, puis ajoutez ses ingrédients dans l'onglet « Ingrédients par plat » (lignes vides en bas, choisissez le plat dans la liste).
A4: Jour | B4: Repas | C4: Plat | D4: Préparer ? | E4: Nb d'ingrédients | F4: Coût du plat (DT) | G4: Coût par personne (DT) | H4: Coût retenu (DT)
A5: Jour 1 | B5: Déjeuner | C5: Couscous au poisson | D5: Oui | E5: =IF(C5="","",COUNTIF('Ingrédients par plat'!$A$5:$A$596,$I5)) -> 17 | F5: =SUMIF('Ingrédients par plat'!$A$5:$A$596,$I5,'Ingrédients par plat'!$G$5:$G$596) -> 29.5996 | G5: =F5/4 -> 7.3999 | H5: =IF(AND(D5="Oui",C5<>""),F5,0) -> 29.5996 | I5: =IF(C5="","",A5&" "&B5&" – "&C5) -> Jour 1 Déjeuner – Couscous au poisson
A6: Jour 1 | B6: Dîner | C6: Salade méchouia + thon, œufs + pain maison | D6: Oui | E6: =IF(C6="","",COUNTIF('Ingrédients par plat'!$A$5:$A$596,$I6)) -> 13 | F6: =SUMIF('Ingrédients par plat'!$A$5:$A$596,$I6,'Ingrédients par plat'!$G$5:$G$596) -> 10.6806 | G6: =F6/4 -> 2.67015 | H6: =IF(AND(D6="Oui",C6<>""),F6,0) -> 10.6806 | I6: =IF(C6="","",A6&" "&B6&" – "&C6) -> Jour 1 Dîner – Salade méchouia + thon, œufs + pain maison
A7: Jour 2 | B7: Déjeuner | C7: Tajine tunisien au poulet | D7: Oui | E7: =IF(C7="","",COUNTIF('Ingrédients par plat'!$A$5:$A$596,$I7)) -> 12 | F7: =SUMIF('Ingrédients par plat'!$A$5:$A$596,$I7,'Ingrédients par plat'!$G$5:$G$596) -> 19.6193 | G7: =F7/4 -> 4.904825 | H7: =IF(AND(D7="Oui",C7<>""),F7,0) -> 19.6193 | I7: =IF(C7="","",A7&" "&B7&" – "&C7) -> Jour 2 Déjeuner – Tajine tunisien au poulet
A8: Jour 2 | B8: Dîner | C8: Chorba frik | D8: Oui | E8: =IF(C8="","",COUNTIF('Ingrédients par plat'!$A$5:$A$596,$I8)) -> 17 | F8: =SUMIF('Ingrédients par plat'!$A$5:$A$596,$I8,'Ingrédients par plat'!$G$5:$G$596) -> 28.6197 | G8: =F8/4 -> 7.154925 | H8: =IF(AND(D8="Oui",C8<>""),F8,0) -> 28.6197 | I8: =IF(C8="","",A8&" "&B8&" – "&C8) -> Jour 2 Dîner – Chorba frik
A9: Jour 3 | B9: Déjeuner | C9: Marqa jelbana bel djedj | D9: Oui | E9: =IF(C9="","",COUNTIF('Ingrédients par plat'!$A$5:$A$596,$I9)) -> 9 | F9: =SUMIF('Ingrédients par plat'!$A$5:$A$596,$I9,'Ingrédients par plat'!$G$5:$G$596) -> 18.3797 | G9: =F9/4 -> 4.594925 | H9: =IF(AND(D9="Oui",C9<>""),F9,0) -> 18.3797 | I9: =IF(C9="","",A9&" "&B9&" – "&C9) -> Jour 3 Déjeuner – Marqa jelbana bel djedj
A10: Jour 3 | B10: Dîner | C10: Ojja merguez + pain | D10: Oui | E10: =IF(C10="","",COUNTIF('Ingrédients par plat'!$A$5:$A$596,$I10)) -> 13 | F10: =SUMIF('Ingrédients par plat'!$A$5:$A$596,$I10,'Ingrédients par plat'!$G$5:$G$596) -> 25.2068 | G10: =F10/4 -> 6.3017 | H10: =IF(AND(D10="Oui",C10<>""),F10,0) -> 25.2068 | I10: =IF(C10="","",A10&" "&B10&" – "&C10) -> Jour 3 Dîner – Ojja merguez + pain
A11: Jour 4 | B11: Déjeuner | C11: Spaghetti tunisien | D11: Oui | E11: =IF(C11="","",COUNTIF('Ingrédients par plat'!$A$5:$A$596,$I11)) -> 12 | F11: =SUMIF('Ingrédients par plat'!$A$5:$A$596,$I11,'Ingrédients par plat'!$G$5:$G$596) -> 11.3297 | G11: =F11/4 -> 2.832425 | H11: =IF(AND(D11="Oui",C11<>""),F11,0) -> 11.3297 | I11: =IF(C11="","",A11&" "&B11&" – "&C11) -> Jour 4 Déjeuner – Spaghetti tunisien
A12: Jour 4 | B12: Dîner | C12: Bricks au thon + salade verte | D12: Oui | E12: =IF(C12="","",COUNTIF('Ingrédients par plat'!$A$5:$A$596,$I12)) -> 14 | F12: =SUMIF('Ingrédients par plat'!$A$5:$A$596,$I12,'Ingrédients par plat'!$G$5:$G$596) -> 19.4393 | G12: =F12/4 -> 4.859825 | H12: =IF(AND(D12="Oui",C12<>""),F12,0) -> 19.4393 | I12: =IF(C12="","",A12&" "&B12&" – "&C12) -> Jour 4 Dîner – Bricks au thon + salade verte
A13: Jour 5 | B13: Déjeuner | C13: Mloukhia | D13: Oui | E13: =IF(C13="","",COUNTIF('Ingrédients par plat'!$A$5:$A$596,$I13)) -> 10 | F13: =SUMIF('Ingrédients par plat'!$A$5:$A$596,$I13,'Ingrédients par plat'!$G$5:$G$596) -> 45.9431 | G13: =F13/4 -> 11.485775 | H13: =IF(AND(D13="Oui",C13<>""),F13,0) -> 45.9431 | I13: =IF(C13="","",A13&" "&B13&" – "&C13) -> Jour 5 Déjeuner – Mloukhia
A14: Jour 5 | B14: Dîner | C14: Chorba langues d'oiseaux + salade tunisienne | D14: Oui | E14: =IF(C14="","",COUNTIF('Ingrédients par plat'!$A$5:$A$596,$I14)) -> 17 | F14: =SUMIF('Ingrédients par plat'!$A$5:$A$596,$I14,'Ingrédients par plat'!$G$5:$G$596) -> 17.122 | G14: =F14/4 -> 4.2805 | H14: =IF(AND(D14="Oui",C14<>""),F14,0) -> 17.122 | I14: =IF(C14="","",A14&" "&B14&" – "&C14) -> Jour 5 Dîner – Chorba langues d'oiseaux + salade tunisienne
A15: Jour 6 | B15: Déjeuner | C15: Marqa loubya bel djedj | D15: Oui | E15: =IF(C15="","",COUNTIF('Ingrédients par plat'!$A$5:$A$596,$I15)) -> 13 | F15: =SUMIF('Ingrédients par plat'!$A$5:$A$596,$I15,'Ingrédients par plat'!$G$5:$G$596) -> 18.9202 | G15: =F15/4 -> 4.73005 | H15: =IF(AND(D15="Oui",C15<>""),F15,0) -> 18.9202 | I15: =IF(C15="","",A15&" "&B15&" – "&C15) -> Jour 6 Déjeuner – Marqa loubya bel djedj
A16: Jour 6 | B16: Dîner | C16: Kefteji | D16: Oui | E16: =IF(C16="","",COUNTIF('Ingrédients par plat'!$A$5:$A$596,$I16)) -> 13 | F16: =SUMIF('Ingrédients par plat'!$A$5:$A$596,$I16,'Ingrédients par plat'!$G$5:$G$596) -> 8.8573 | G16: =F16/4 -> 2.214325 | H16: =IF(AND(D16="Oui",C16<>""),F16,0) -> 8.8573 | I16: =IF(C16="","",A16&" "&B16&" – "&C16) -> Jour 6 Dîner – Kefteji
... A33: Jour 1 à 14 | B33: Dessert | C33: Fruits de saison (1 portion par personne et par jour) | D33: Oui | E33: =IF(C33="","",COUNTIF('Ingrédients par plat'!$A$5:$A$596,$I33)) -> 5 | F33: =SUMIF('Ingrédients par plat'!$A$5:$A$596,$I33,'Ingrédients par plat'!$G$5:$G$596) -> 48.92 | G33: =F33/4 -> 12.23 | H33: =IF(AND(D33="Oui",C33<>""),F33,0) -> 48.92 | I33: =IF(C33="","",A33&" "&B33&" – "&C33) -> Jour 1 à 14 Dessert – Fruits de saison (1 portion par personne et par jour)
D34: Oui | E34: =IF(C34="","",COUNTIF('Ingrédients par plat'!$A$5:$A$596,$I34)) | F34: =SUMIF('Ingrédients par plat'!$A$5:$A$596,$I34,'Ingrédients par plat'!$G$5:$G$596) -> 0 | G34: =F34/4 -> 0 | H34: =IF(AND(D34="Oui",C34<>""),F34,0) -> 0 | I34: =IF(C34="","",A34&" "&B34&" – "&C34)
D35: Oui | E35: =IF(C35="","",COUNTIF('Ingrédients par plat'!$A$5:$A$596,$I35)) | F35: =SUMIF('Ingrédients par plat'!$A$5:$A$596,$I35,'Ingrédients par plat'!$G$5:$G$596) -> 0 | G35: =F35/4 -> 0 | H35: =IF(AND(D35="Oui",C35<>""),F35,0) -> 0 | I35: =IF(C35="","",A35&" "&B35&" – "&C35)
D36: Oui | E36: =IF(C36="","",COUNTIF('Ingrédients par plat'!$A$5:$A$596,$I36)) | F36: =SUMIF('Ingrédients par plat'!$A$5:$A$596,$I36,'Ingrédients par plat'!$G$5:$G$596) -> 0 | G36: =F36/4 -> 0 | H36: =IF(AND(D36="Oui",C36<>""),F36,0) -> 0 | I36: =IF(C36="","",A36&" "&B36&" – "&C36)
D37: Oui | E37: =IF(C37="","",COUNTIF('Ingrédients par plat'!$A$5:$A$596,$I37)) | F37: =SUMIF('Ingrédients par plat'!$A$5:$A$596,$I37,'Ingrédients par plat'!$G$5:$G$596) -> 0 | G37: =F37/4 -> 0 | H37: =IF(AND(D37="Oui",C37<>""),F37,0) -> 0 | I37: =IF(C37="","",A37&" "&B37&" – "&C37)
D38: Oui | E38: =IF(C38="","",COUNTIF('Ingrédients par plat'!$A$5:$A$596,$I38)) | F38: =SUMIF('Ingrédients par plat'!$A$5:$A$596,$I38,'Ingrédients par plat'!$G$5:$G$596) -> 0 | G38: =F38/4 -> 0 | H38: =IF(AND(D38="Oui",C38<>""),F38,0) -> 0 | I38: =IF(C38="","",A38&" "&B38&" – "&C38)
D39: Oui | E39: =IF(C39="","",COUNTIF('Ingrédients par plat'!$A$5:$A$596,$I39)) | F39: =SUMIF('Ingrédients par plat'!$A$5:$A$596,$I39,'Ingrédients par plat'!$G$5:$G$596) -> 0 | G39: =F39/4 -> 0 | H39: =IF(AND(D39="Oui",C39<>""),F39,0) -> 0 | I39: =IF(C39="","",A39&" "&B39&" – "&C39)
D40: Oui | E40: =IF(C40="","",COUNTIF('Ingrédients par plat'!$A$5:$A$596,$I40)) | F40: =SUMIF('Ingrédients par plat'!$A$5:$A$596,$I40,'Ingrédients par plat'!$G$5:$G$596) -> 0 | G40: =F40/4 -> 0 | H40: =IF(AND(D40="Oui",C40<>""),F40,0) -> 0 | I40: =IF(C40="","",A40&" "&B40&" – "&C40)
D41: Oui | E41: =IF(C41="","",COUNTIF('Ingrédients par plat'!$A$5:$A$596,$I41)) | F41: =SUMIF('Ingrédients par plat'!$A$5:$A$596,$I41,'Ingrédients par plat'!$G$5:$G$596) -> 0 | G41: =F41/4 -> 0 | H41: =IF(AND(D41="Oui",C41<>""),F41,0) -> 0 | I41: =IF(C41="","",A41&" "&B41&" – "&C41)
D42: Oui | E42: =IF(C42="","",COUNTIF('Ingrédients par plat'!$A$5:$A$596,$I42)) | F42: =SUMIF('Ingrédients par plat'!$A$5:$A$596,$I42,'Ingrédients par plat'!$G$5:$G$596) -> 0 | G42: =F42/4 -> 0 | H42: =IF(AND(D42="Oui",C42<>""),F42,0) -> 0 | I42: =IF(C42="","",A42&" "&B42&" – "&C42)
D43: Oui | E43: =IF(C43="","",COUNTIF('Ingrédients par plat'!$A$5:$A$596,$I43)) | F43: =SUMIF('Ingrédients par plat'!$A$5:$A$596,$I43,'Ingrédients par plat'!$G$5:$G$596) -> 0 | G43: =F43/4 -> 0 | H43: =IF(AND(D43="Oui",C43<>""),F43,0) -> 0 | I43: =IF(C43="","",A43&" "&B43&" – "&C43)
D44: Oui | E44: =IF(C44="","",COUNTIF('Ingrédients par plat'!$A$5:$A$596,$I44)) | F44: =SUMIF('Ingrédients par plat'!$A$5:$A$596,$I44,'Ingrédients par plat'!$G$5:$G$596) -> 0 | G44: =F44/4 -> 0 | H44: =IF(AND(D44="Oui",C44<>""),F44,0) -> 0 | I44: =IF(C44="","",A44&" "&B44&" – "&C44)
D45: Oui | E45: =IF(C45="","",COUNTIF('Ingrédients par plat'!$A$5:$A$596,$I45)) | F45: =SUMIF('Ingrédients par plat'!$A$5:$A$596,$I45,'Ingrédients par plat'!$G$5:$G$596) -> 0 | G45: =F45/4 -> 0 | H45: =IF(AND(D45="Oui",C45<>""),F45,0) -> 0 | I45: =IF(C45="","",A45&" "&B45&" – "&C45)
... D48: Oui | E48: =IF(C48="","",COUNTIF('Ingrédients par plat'!$A$5:$A$596,$I48)) | F48: =SUMIF('Ingrédients par plat'!$A$5:$A$596,$I48,'Ingrédients par plat'!$G$5:$G$596) -> 0 | G48: =F48/4 -> 0 | H48: =IF(AND(D48="Oui",C48<>""),F48,0) -> 0 | I48: =IF(C48="","",A48&" "&B48&" – "&C48)
C49: TOTAL DES PLATS RETENUS | D49: =COUNTIFS(D5:D48,"Oui",C5:C48,"<>")&" plats" -> 29 plats | H49: =SUM(H5:H48) -> 573.6921
C50: Coût moyen par personne et par jour (14 jours) | H50: =H49/(4*14) -> 10.244502
A52: Note : le coût des plats est calculé au prorata des quantités utilisées. Il est un peu inférieur au total de la liste de courses, qui compte des unités entières (paquets, bottes…) et les fruits.

Sheet Ingrédients par plat
A1: Ingrédients par plat – coût calculé automatiquement
A2: Choisissez l'ingrédient dans la liste déroulante (colonne B) et saisissez la quantité (colonne C, en bleu). L'unité, le prix (repris de l'onglet « Liste des ingrédients ») et le coût se calculent seuls. Lignes vides en bas pour ajouter des ingrédients.
A4: Plat | B4: Ingrédient | C4: Quantité | D4: Unité | E4: Prix unitaire (DT) | F4: Prix par | G4: Coût (DT) | H4: n° (fiche)
A5: Jour 1 Déjeuner – Couscous au poisson | B5: Couscous moyen | C5: 500 | D5: =IF($B5="","",IF(F5="kg","g",IF(F5="L","ml",F5))) -> g | E5: =IF($B5="","",IFERROR(INDEX('Liste des ingrédients'!$H$5:$H$98,MATCH($B5,'Liste des ingrédients'!$B$5:$B$98,0)),0)) -> 3 | F5: =IF($B5="","",IFERROR(INDEX('Liste des ingrédients'!$G$5:$G$98,MATCH($B5,'Liste des ingrédients'!$B$5:$B$98,0)),"?")) -> kg | G5: =IF(OR($B5="",$C5=""),0,IFERROR($C5*E5/IF(OR(F5="kg",F5="L"),1000,1),0)) -> 1.5 | H5: =IF(AND($A5<>"",$A5='Fiche plat'!$C$3),COUNTIF($A$5:$A5,'Fiche plat'!$C$3),"") -> 1 | I5: =IF($A5="","",IFERROR(INDEX(Plats!$D$5:$D$48,MATCH($A5,Plats!$I$5:$I$48,0)),"")) -> Oui
A6: Jour 1 Déjeuner – Couscous au poisson | B6: Poisson à chair ferme (mérou, loup, dorade) | C6: 1000 | D6: =IF($B6="","",IF(F6="kg","g",IF(F6="L","ml",F6))) -> g | E6: =IF($B6="","",IFERROR(INDEX('Liste des ingrédients'!$H$5:$H$98,MATCH($B6,'Liste des ingrédients'!$B$5:$B$98,0)),0)) -> 22 | F6: =IF($B6="","",IFERROR(INDEX('Liste des ingrédients'!$G$5:$G$98,MATCH($B6,'Liste des ingrédients'!$B$5:$B$98,0)),"?")) -> kg | G6: =IF(OR($B6="",$C6=""),0,IFERROR($C6*E6/IF(OR(F6="kg",F6="L"),1000,1),0)) -> 22 | H6: =IF(AND($A6<>"",$A6='Fiche plat'!$C$3),COUNTIF($A$5:$A6,'Fiche plat'!$C$3),"") -> 2 | I6: =IF($A6="","",IFERROR(INDEX(Plats!$D$5:$D$48,MATCH($A6,Plats!$I$5:$I$48,0)),"")) -> Oui
A7: Jour 1 Déjeuner – Couscous au poisson | B7: Carottes | C7: 300 | D7: =IF($B7="","",IF(F7="kg","g",IF(F7="L","ml",F7))) -> g | E7: =IF($B7="","",IFERROR(INDEX('Liste des ingrédients'!$H$5:$H$98,MATCH($B7,'Liste des ingrédients'!$B$5:$B$98,0)),0)) -> 2.5 | F7: =IF($B7="","",IFERROR(INDEX('Liste des ingrédients'!$G$5:$G$98,MATCH($B7,'Liste des ingrédients'!$B$5:$B$98,0)),"?")) -> kg | G7: =IF(OR($B7="",$C7=""),0,IFERROR($C7*E7/IF(OR(F7="kg",F7="L"),1000,1),0)) -> 0.75 | H7: =IF(AND($A7<>"",$A7='Fiche plat'!$C$3),COUNTIF($A$5:$A7,'Fiche plat'!$C$3),"") -> 3 | I7: =IF($A7="","",IFERROR(INDEX(Plats!$D$5:$D$48,MATCH($A7,Plats!$I$5:$I$48,0)),"")) -> Oui
A8: Jour 1 Déjeuner – Couscous au poisson | B8: Courgettes | C8: 300 | D8: =IF($B8="","",IF(F8="kg","g",IF(F8="L","ml",F8))) -> g | E8: =IF($B8="","",IFERROR(INDEX('Liste des ingrédients'!$H$5:$H$98,MATCH($B8,'Liste des ingrédients'!$B$5:$B$98,0)),0)) -> 2 | F8: =IF($B8="","",IFERROR(INDEX('Liste des ingrédients'!$G$5:$G$98,MATCH($B8,'Liste des ingrédients'!$B$5:$B$98,0)),"?")) -> kg | G8: =IF(OR($B8="",$C8=""),0,IFERROR($C8*E8/IF(OR(F8="kg",F8="L"),1000,1),0)) -> 0.6 | H8: =IF(AND($A8<>"",$A8='Fiche plat'!$C$3),COUNTIF($A$5:$A8,'Fiche plat'!$C$3),"") -> 4 | I8: =IF($A8="","",IFERROR(INDEX(Plats!$D$5:$D$48,MATCH($A8,Plats!$I$5:$I$48,0)),"")) -> Oui
A9: Jour 1 Déjeuner – Couscous au poisson | B9: Pommes de terre | C9: 400 | D9: =IF($B9="","",IF(F9="kg","g",IF(F9="L","ml",F9))) -> g | E9: =IF($B9="","",IFERROR(INDEX('Liste des ingrédients'!$H$5:$H$98,MATCH($B9,'Liste des ingrédients'!$B$5:$B$98,0)),0)) -> 2.5 | F9: =IF($B9="","",IFERROR(INDEX('Liste des ingrédients'!$G$5:$G$98,MATCH($B9,'Liste des ingrédients'!$B$5:$B$98,0)),"?")) -> kg | G9: =IF(OR($B9="",$C9=""),0,IFERROR($C9*E9/IF(OR(F9="kg",F9="L"),1000,1),0)) -> 1 | H9: =IF(AND($A9<>"",$A9='Fiche plat'!$C$3),COUNTIF($A$5:$A9,'Fiche plat'!$C$3),"") -> 5 | I9: =IF($A9="","",IFERROR(INDEX(Plats!$D$5:$D$48,MATCH($A9,Plats!$I$5:$I$48,0)),"")) -> Oui
A10: Jour 1 Déjeuner – Couscous au poisson | B10: Oignons | C10: 100 | D10: =IF($B10="","",IF(F10="kg","g",IF(F10="L","ml",F10))) -> g | E10: =IF($B10="","",IFERROR(INDEX('Liste des ingrédients'!$H$5:$H$98,MATCH($B10,'Liste des ingrédients'!$B$5:$B$98,0)),0)) -> 1.2 | F10: =IF($B10="","",IFERROR(INDEX('Liste des ingrédients'!$G$5:$G$98,MATCH($B10,'Liste des ingrédients'!$B$5:$B$98,0)),"?")) -> kg | G10: =IF(OR($B10="",$C10=""),0,IFERROR($C10*E10/IF(OR(F10="kg",F10="L"),1000,1),0)) -> 0.12 | H10: =IF(AND($A10<>"",$A10='Fiche plat'!$C$3),COUNTIF($A$5:$A10,'Fiche plat'!$C$3),"") -> 6 | I10: =IF($A10="","",IFERROR(INDEX(Plats!$D$5:$D$48,MATCH($A10,Plats!$I$5:$I$48,0)),"")) -> Oui
A11: Jour 1 Déjeuner – Couscous au poisson | B11: Piments verts | C11: 60 | D11: =IF($B11="","",IF(F11="kg","g",IF(F11="L","ml",F11))) -> g | E11: =IF($B11="","",IFERROR(INDEX('Liste des ingrédients'!$H$5:$H$98,MATCH($B11,'Liste des ingrédients'!$B$5:$B$98,0)),0)) -> 2.5 | F11: =IF($B11="","",IFERROR(INDEX('Liste des ingrédients'!$G$5:$G$98,MATCH($B11,'Liste des ingrédients'!$B$5:$B$98,0)),"?")) -> kg | G11: =IF(OR($B11="",$C11=""),0,IFERROR($C11*E11/IF(OR(F11="kg",F11="L"),1000,1),0)) -> 0.15 | H11: =IF(AND($A11<>"",$A11='Fiche plat'!$C$3),COUNTIF($A$5:$A11,'Fiche plat'!$C$3),"") -> 7 | I11: =IF($A11="","",IFERROR(INDEX(Plats!$D$5:$D$48,MATCH($A11,Plats!$I$5:$I$48,0)),"")) -> Oui
A12: Jour 1 Déjeuner – Couscous au poisson | B12: Concentré de tomate | C12: 40 | D12: =IF($B12="","",IF(F12="kg","g",IF(F12="L","ml",F12))) -> g | E12: =IF($B12="","",IFERROR(INDEX('Liste des ingrédients'!$H$5:$H$98,MATCH($B12,'Liste des ingrédients'!$B$5:$B$98,0)),0)) -> 9 | F12: =IF($B12="","",IFERROR(INDEX('Liste des ingrédients'!$G$5:$G$98,MATCH($B12,'Liste des ingrédients'!$B$5:$B$98,0)),"?")) -> kg | G12: =IF(OR($B12="",$C12=""),0,IFERROR($C12*E12/IF(OR(F12="kg",F12="L"),1000,1),0)) -> 0.36 | H12: =IF(AND($A12<>"",$A12='Fiche plat'!$C$3),COUNTIF($A$5:$A12,'Fiche plat'!$C$3),"") -> 8 | I12: =IF($A12="","",IFERROR(INDEX(Plats!$D$5:$D$48,MATCH($A12,Plats!$I$5:$I$48,0)),"")) -> Oui
A13: Jour 1 Déjeuner – Couscous au poisson | B13: Harissa | C13: 15 | D13: =IF($B13="","",IF(F13="kg","g",IF(F13="L","ml",F13))) -> g | E13: =IF($B13="","",IFERROR(INDEX('Liste des ingrédients'!$H$5:$H$98,MATCH($B13,'Liste des ingrédients'!$B$5:$B$98,0)),0)) -> 11 | F13: =IF($B13="","",IFERROR(INDEX('Liste des ingrédients'!$G$5:$G$98,MATCH($B13,'Liste des ingrédients'!$B$5:$B$98,0)),"?")) -> kg | G13: =IF(OR($B13="",$C13=""),0,IFERROR($C13*E13/IF(OR(F13="kg",F13="L"),1000,1),0)) -> 0.165 | H13: =IF(AND($A13<>"",$A13='Fiche plat'!$C$3),COUNTIF($A$5:$A13,'Fiche plat'!$C$3),"") -> 9 | I13: =IF($A13="","",IFERROR(INDEX(Plats!$D$5:$D$48,MATCH($A13,Plats!$I$5:$I$48,0)),"")) -> Oui
A14: Jour 1 Déjeuner – Couscous au poisson | B14: Ail | C14: 20 | D14: =IF($B14="","",IF(F14="kg","g",IF(F14="L","ml",F14))) -> g | E14: =IF($B14="","",IFERROR(INDEX('Liste des ingrédients'!$H$5:$H$98,MATCH($B14,'Liste des ingrédients'!$B$5:$B$98,0)),0)) -> 15 | F14: =IF($B14="","",IFERROR(INDEX('Liste des ingrédients'!$G$5:$G$98,MATCH($B14,'Liste des ingrédients'!$B$5:$B$98,0)),"?")) -> kg | G14: =IF(OR($B14="",$C14=""),0,IFERROR($C14*E14/IF(OR(F14="kg",F14="L"),1000,1),0)) -> 0.3 | H14: =IF(AND($A14<>"",$A14='Fiche plat'!$C$3),COUNTIF($A$5:$A14,'Fiche plat'!$C$3),"") -> 10 | I14: =IF($A14="","",IFERROR(INDEX(Plats!$D$5:$D$48,MATCH($A14,Plats!$I$5:$I$48,0)),"")) -> Oui
A15: Jour 1 Déjeuner – Couscous au poisson | B15: Curcuma | C15: 3 | D15: =IF($B15="","",IF(F15="kg","g",IF(F15="L","ml",F15))) -> g | E15: =IF($B15="","",IFERROR(INDEX('Liste des ingrédients'!$H$5:$H$98,MATCH($B15,'Liste des ingrédients'!$B$5:$B$98,0)),0)) -> 40 | F15: =IF($B15="","",IFERROR(INDEX('Liste des ingrédients'!$G$5:$G$98,MATCH($B15,'Liste des ingrédients'!$B$5:$B$98,0)),"?")) -> kg | G15: =IF(OR($B15="",$C15=""),0,IFERROR($C15*E15/IF(OR(F15="kg",F15="L"),1000,1),0)) -> 0.12 | H15: =IF(AND($A15<>"",$A15='Fiche plat'!$C$3),COUNTIF($A$5:$A15,'Fiche plat'!$C$3),"") -> 11 | I15: =IF($A15="","",IFERROR(INDEX(Plats!$D$5:$D$48,MATCH($A15,Plats!$I$5:$I$48,0)),"")) -> Oui
A16: Jour 1 Déjeuner – Couscous au poisson | B16: Carvi | C16: 2.5 | D16: =IF($B16="","",IF(F16="kg","g",IF(F16="L","ml",F16))) -> g | E16: =IF($B16="","",IFERROR(INDEX('Liste des ingrédients'!$H$5:$H$98,MATCH($B16,'Liste des ingrédients'!$B$5:$B$98,0)),0)) -> 40 | F16: =IF($B16="","",IFERROR(INDEX('Liste des ingrédients'!$G$5:$G$98,MATCH($B16,'Liste des ingrédients'!$B$5:$B$98,0)),"?")) -> kg | G16: =IF(OR($B16="",$C16=""),0,IFERROR($C16*E16/IF(OR(F16="kg",F16="L"),1000,1),0)) -> 0.1 | H16: =IF(AND($A16<>"",$A16='Fiche plat'!$C$3),COUNTIF($A$5:$A16,'Fiche plat'!$C$3),"") -> 12 | I16: =IF($A16="","",IFERROR(INDEX(Plats!$D$5:$D$48,MATCH($A16,Plats!$I$5:$I$48,0)),"")) -> Oui
... A396: Jour 1 à 14 Dessert – Fruits de saison (1 portion par personne et par jour) | B396: Dattes (Deglet Nour, branchées) | C396: 1000 | D396: =IF($B396="","",IF(F396="kg","g",IF(F396="L","ml",F396))) -> g | E396: =IF($B396="","",IFERROR(INDEX('Liste des ingrédients'!$H$5:$H$98,MATCH($B396,'Liste des ingrédients'!$B$5:$B$98,0)),0)) -> 5.17 | F396: =IF($B396="","",IFERROR(INDEX('Liste des ingrédients'!$G$5:$G$98,MATCH($B396,'Liste des ingrédients'!$B$5:$B$98,0)),"?")) -> kg | G396: =IF(OR($B396="",$C396=""),0,IFERROR($C396*E396/IF(OR(F396="kg",F396="L"),1000,1),0)) -> 5.17 | H396: =IF(AND($A396<>"",$A396='Fiche plat'!$C$3),COUNTIF($A$5:$A396,'Fiche plat'!$C$3),"") | I396: =IF($A396="","",IFERROR(INDEX(Plats!$D$5:$D$48,MATCH($A396,Plats!$I$5:$I$48,0)),"")) -> Oui
D397: =IF($B397="","",IF(F397="kg","g",IF(F397="L","ml",F397))) | E397: =IF($B397="","",IFERROR(INDEX('Liste des ingrédients'!$H$5:$H$98,MATCH($B397,'Liste des ingrédients'!$B$5:$B$98,0)),0)) | F397: =IF($B397="","",IFERROR(INDEX('Liste des ingrédients'!$G$5:$G$98,MATCH($B397,'Liste des ingrédients'!$B$5:$B$98,0)),"?")) | G397: =IF(OR($B397="",$C397=""),0,IFERROR($C397*E397/IF(OR(F397="kg",F397="L"),1000,1),0)) -> 0 | H397: =IF(AND($A397<>"",$A397='Fiche plat'!$C$3),COUNTIF($A$5:$A397,'Fiche plat'!$C$3),"") | I397: =IF($A397="","",IFERROR(INDEX(Plats!$D$5:$D$48,MATCH($A397,Plats!$I$5:$I$48,0)),""))
D398: =IF($B398="","",IF(F398="kg","g",IF(F398="L","ml",F398))) | E398: =IF($B398="","",IFERROR(INDEX('Liste des ingrédients'!$H$5:$H$98,MATCH($B398,'Liste des ingrédients'!$B$5:$B$98,0)),0)) | F398: =IF($B398="","",IFERROR(INDEX('Liste des ingrédients'!$G$5:$G$98,MATCH($B398,'Liste des ingrédients'!$B$5:$B$98,0)),"?")) | G398: =IF(OR($B398="",$C398=""),0,IFERROR($C398*E398/IF(OR(F398="kg",F398="L"),1000,1),0)) -> 0 | H398: =IF(AND($A398<>"",$A398='Fiche plat'!$C$3),COUNTIF($A$5:$A398,'Fiche plat'!$C$3),"") | I398: =IF($A398="","",IFERROR(INDEX(Plats!$D$5:$D$48,MATCH($A398,Plats!$I$5:$I$48,0)),""))
D399: =IF($B399="","",IF(F399="kg","g",IF(F399="L","ml",F399))) | E399: =IF($B399="","",IFERROR(INDEX('Liste des ingrédients'!$H$5:$H$98,MATCH($B399,'Liste des ingrédients'!$B$5:$B$98,0)),0)) | F399: =IF($B399="","",IFERROR(INDEX('Liste des ingrédients'!$G$5:$G$98,MATCH($B399,'Liste des ingrédients'!$B$5:$B$98,0)),"?")) | G399: =IF(OR($B399="",$C399=""),0,IFERROR($C399*E399/IF(OR(F399="kg",F399="L"),1000,1),0)) -> 0 | H399: =IF(AND($A399<>"",$A399='Fiche plat'!$C$3),COUNTIF($A$5:$A399,'Fiche plat'!$C$3),"") | I399: =IF($A399="","",IFERROR(INDEX(Plats!$D$5:$D$48,MATCH($A399,Plats!$I$5:$I$48,0)),""))
D400: =IF($B400="","",IF(F400="kg","g",IF(F400="L","ml",F400))) | E400: =IF($B400="","",IFERROR(INDEX('Liste des ingrédients'!$H$5:$H$98,MATCH($B400,'Liste des ingrédients'!$B$5:$B$98,0)),0)) | F400: =IF($B400="","",IFERROR(INDEX('Liste des ingrédients'!$G$5:$G$98,MATCH($B400,'Liste des ingrédients'!$B$5:$B$98,0)),"?")) | G400: =IF(OR($B400="",$C400=""),0,IFERROR($C400*E400/IF(OR(F400="kg",F400="L"),1000,1),0)) -> 0 | H400: =IF(AND($A400<>"",$A400='Fiche plat'!$C$3),COUNTIF($A$5:$A400,'Fiche plat'!$C$3),"") | I400: =IF($A400="","",IFERROR(INDEX(Plats!$D$5:$D$48,MATCH($A400,Plats!$I$5:$I$48,0)),""))
D401: =IF($B401="","",IF(F401="kg","g",IF(F401="L","ml",F401))) | E401: =IF($B401="","",IFERROR(INDEX('Liste des ingrédients'!$H$5:$H$98,MATCH($B401,'Liste des ingrédients'!$B$5:$B$98,0)),0)) | F401: =IF($B401="","",IFERROR(INDEX('Liste des ingrédients'!$G$5:$G$98,MATCH($B401,'Liste des ingrédients'!$B$5:$B$98,0)),"?")) | G401: =IF(OR($B401="",$C401=""),0,IFERROR($C401*E401/IF(OR(F401="kg",F401="L"),1000,1),0)) -> 0 | H401: =IF(AND($A401<>"",$A401='Fiche plat'!$C$3),COUNTIF($A$5:$A401,'Fiche plat'!$C$3),"") | I401: =IF($A401="","",IFERROR(INDEX(Plats!$D$5:$D$48,MATCH($A401,Plats!$I$5:$I$48,0)),""))
D402: =IF($B402="","",IF(F402="kg","g",IF(F402="L","ml",F402))) | E402: =IF($B402="","",IFERROR(INDEX('Liste des ingrédients'!$H$5:$H$98,MATCH($B402,'Liste des ingrédients'!$B$5:$B$98,0)),0)) | F402: =IF($B402="","",IFERROR(INDEX('Liste des ingrédients'!$G$5:$G$98,MATCH($B402,'Liste des ingrédients'!$B$5:$B$98,0)),"?")) | G402: =IF(OR($B402="",$C402=""),0,IFERROR($C402*E402/IF(OR(F402="kg",F402="L"),1000,1),0)) -> 0 | H402: =IF(AND($A402<>"",$A402='Fiche plat'!$C$3),COUNTIF($A$5:$A402,'Fiche plat'!$C$3),"") | I402: =IF($A402="","",IFERROR(INDEX(Plats!$D$5:$D$48,MATCH($A402,Plats!$I$5:$I$48,0)),""))
D403: =IF($B403="","",IF(F403="kg","g",IF(F403="L","ml",F403))) | E403: =IF($B403="","",IFERROR(INDEX('Liste des ingrédients'!$H$5:$H$98,MATCH($B403,'Liste des ingrédients'!$B$5:$B$98,0)),0)) | F403: =IF($B403="","",IFERROR(INDEX('Liste des ingrédients'!$G$5:$G$98,MATCH($B403,'Liste des ingrédients'!$B$5:$B$98,0)),"?")) | G403: =IF(OR($B403="",$C403=""),0,IFERROR($C403*E403/IF(OR(F403="kg",F403="L"),1000,1),0)) -> 0 | H403: =IF(AND($A403<>"",$A403='Fiche plat'!$C$3),COUNTIF($A$5:$A403,'Fiche plat'!$C$3),"") | I403: =IF($A403="","",IFERROR(INDEX(Plats!$D$5:$D$48,MATCH($A403,Plats!$I$5:$I$48,0)),""))
D404: =IF($B404="","",IF(F404="kg","g",IF(F404="L","ml",F404))) | E404: =IF($B404="","",IFERROR(INDEX('Liste des ingrédients'!$H$5:$H$98,MATCH($B404,'Liste des ingrédients'!$B$5:$B$98,0)),0)) | F404: =IF($B404="","",IFERROR(INDEX('Liste des ingrédients'!$G$5:$G$98,MATCH($B404,'Liste des ingrédients'!$B$5:$B$98,0)),"?")) | G404: =IF(OR($B404="",$C404=""),0,IFERROR($C404*E404/IF(OR(F404="kg",F404="L"),1000,1),0)) -> 0 | H404: =IF(AND($A404<>"",$A404='Fiche plat'!$C$3),COUNTIF($A$5:$A404,'Fiche plat'!$C$3),"") | I404: =IF($A404="","",IFERROR(INDEX(Plats!$D$5:$D$48,MATCH($A404,Plats!$I$5:$I$48,0)),""))
D405: =IF($B405="","",IF(F405="kg","g",IF(F405="L","ml",F405))) | E405: =IF($B405="","",IFERROR(INDEX('Liste des ingrédients'!$H$5:$H$98,MATCH($B405,'Liste des ingrédients'!$B$5:$B$98,0)),0)) | F405: =IF($B405="","",IFERROR(INDEX('Liste des ingrédients'!$G$5:$G$98,MATCH($B405,'Liste des ingrédients'!$B$5:$B$98,0)),"?")) | G405: =IF(OR($B405="",$C405=""),0,IFERROR($C405*E405/IF(OR(F405="kg",F405="L"),1000,1),0)) -> 0 | H405: =IF(AND($A405<>"",$A405='Fiche plat'!$C$3),COUNTIF($A$5:$A405,'Fiche plat'!$C$3),"") | I405: =IF($A405="","",IFERROR(INDEX(Plats!$D$5:$D$48,MATCH($A405,Plats!$I$5:$I$48,0)),""))
D406: =IF($B406="","",IF(F406="kg","g",IF(F406="L","ml",F406))) | E406: =IF($B406="","",IFERROR(INDEX('Liste des ingrédients'!$H$5:$H$98,MATCH($B406,'Liste des ingrédients'!$B$5:$B$98,0)),0)) | F406: =IF($B406="","",IFERROR(INDEX('Liste des ingrédients'!$G$5:$G$98,MATCH($B406,'Liste des ingrédients'!$B$5:$B$98,0)),"?")) | G406: =IF(OR($B406="",$C406=""),0,IFERROR($C406*E406/IF(OR(F406="kg",F406="L"),1000,1),0)) -> 0 | H406: =IF(AND($A406<>"",$A406='Fiche plat'!$C$3),COUNTIF($A$5:$A406,'Fiche plat'!$C$3),"") | I406: =IF($A406="","",IFERROR(INDEX(Plats!$D$5:$D$48,MATCH($A406,Plats!$I$5:$I$48,0)),""))
D407: =IF($B407="","",IF(F407="kg","g",IF(F407="L","ml",F407))) | E407: =IF($B407="","",IFERROR(INDEX('Liste des ingrédients'!$H$5:$H$98,MATCH($B407,'Liste des ingrédients'!$B$5:$B$98,0)),0)) | F407: =IF($B407="","",IFERROR(INDEX('Liste des ingrédients'!$G$5:$G$98,MATCH($B407,'Liste des ingrédients'!$B$5:$B$98,0)),"?")) | G407: =IF(OR($B407="",$C407=""),0,IFERROR($C407*E407/IF(OR(F407="kg",F407="L"),1000,1),0)) -> 0 | H407: =IF(AND($A407<>"",$A407='Fiche plat'!$C$3),COUNTIF($A$5:$A407,'Fiche plat'!$C$3),"") | I407: =IF($A407="","",IFERROR(INDEX(Plats!$D$5:$D$48,MATCH($A407,Plats!$I$5:$I$48,0)),""))
D408: =IF($B408="","",IF(F408="kg","g",IF(F408="L","ml",F408))) | E408: =IF($B408="","",IFERROR(INDEX('Liste des ingrédients'!$H$5:$H$98,MATCH($B408,'Liste des ingrédients'!$B$5:$B$98,0)),0)) | F408: =IF($B408="","",IFERROR(INDEX('Liste des ingrédients'!$G$5:$G$98,MATCH($B408,'Liste des ingrédients'!$B$5:$B$98,0)),"?")) | G408: =IF(OR($B408="",$C408=""),0,IFERROR($C408*E408/IF(OR(F408="kg",F408="L"),1000,1),0)) -> 0 | H408: =IF(AND($A408<>"",$A408='Fiche plat'!$C$3),COUNTIF($A$5:$A408,'Fiche plat'!$C$3),"") | I408: =IF($A408="","",IFERROR(INDEX(Plats!$D$5:$D$48,MATCH($A408,Plats!$I$5:$I$48,0)),""))
... D596: =IF($B596="","",IF(F596="kg","g",IF(F596="L","ml",F596))) | E596: =IF($B596="","",IFERROR(INDEX('Liste des ingrédients'!$H$5:$H$98,MATCH($B596,'Liste des ingrédients'!$B$5:$B$98,0)),0)) | F596: =IF($B596="","",IFERROR(INDEX('Liste des ingrédients'!$G$5:$G$98,MATCH($B596,'Liste des ingrédients'!$B$5:$B$98,0)),"?")) | G596: =IF(OR($B596="",$C596=""),0,IFERROR($C596*E596/IF(OR(F596="kg",F596="L"),1000,1),0)) -> 0 | H596: =IF(AND($A596<>"",$A596='Fiche plat'!$C$3),COUNTIF($A$5:$A596,'Fiche plat'!$C$3),"") | I596: =IF($A596="","",IFERROR(INDEX(Plats!$D$5:$D$48,MATCH($A596,Plats!$I$5:$I$48,0)),""))
F597: Total | G597: =SUM(G5:G596) -> 573.6921

Sheet Fiche plat
A1: Fiche plat – choisissez un plat
B3: Plat : | C3: Jour 1 Déjeuner – Couscous au poisson
B4: (cliquez sur la cellule jaune pour changer de plat)
A6: n° | B6: Ingrédient | C6: Quantité | D6: Unité | E6: Prix unitaire (DT) | F6: Coût (DT)
A7: 1 | B7: =IFERROR(INDEX('Ingrédients par plat'!$B$5:$B$596,MATCH($A7,'Ingrédients par plat'!$H$5:$H$596,0)),"") -> Couscous moyen | C7: =IFERROR(INDEX('Ingrédients par plat'!$C$5:$C$596,MATCH($A7,'Ingrédients par plat'!$H$5:$H$596,0)),"") -> 500 | D7: =IFERROR(INDEX('Ingrédients par plat'!$D$5:$D$596,MATCH($A7,'Ingrédients par plat'!$H$5:$H$596,0)),"") -> g | E7: =IFERROR(INDEX('Ingrédients par plat'!$E$5:$E$596,MATCH($A7,'Ingrédients par plat'!$H$5:$H$596,0)),"") -> 3 | F7: =IFERROR(INDEX('Ingrédients par plat'!$G$5:$G$596,MATCH($A7,'Ingrédients par plat'!$H$5:$H$596,0)),"") -> 1.5
A8: 2 | B8: =IFERROR(INDEX('Ingrédients par plat'!$B$5:$B$596,MATCH($A8,'Ingrédients par plat'!$H$5:$H$596,0)),"") -> Poisson à chair ferme (mérou, loup, dorade) | C8: =IFERROR(INDEX('Ingrédients par plat'!$C$5:$C$596,MATCH($A8,'Ingrédients par plat'!$H$5:$H$596,0)),"") -> 1000 | D8: =IFERROR(INDEX('Ingrédients par plat'!$D$5:$D$596,MATCH($A8,'Ingrédients par plat'!$H$5:$H$596,0)),"") -> g | E8: =IFERROR(INDEX('Ingrédients par plat'!$E$5:$E$596,MATCH($A8,'Ingrédients par plat'!$H$5:$H$596,0)),"") -> 22 | F8: =IFERROR(INDEX('Ingrédients par plat'!$G$5:$G$596,MATCH($A8,'Ingrédients par plat'!$H$5:$H$596,0)),"") -> 22
A9: 3 | B9: =IFERROR(INDEX('Ingrédients par plat'!$B$5:$B$596,MATCH($A9,'Ingrédients par plat'!$H$5:$H$596,0)),"") -> Carottes | C9: =IFERROR(INDEX('Ingrédients par plat'!$C$5:$C$596,MATCH($A9,'Ingrédients par plat'!$H$5:$H$596,0)),"") -> 300 | D9: =IFERROR(INDEX('Ingrédients par plat'!$D$5:$D$596,MATCH($A9,'Ingrédients par plat'!$H$5:$H$596,0)),"") -> g | E9: =IFERROR(INDEX('Ingrédients par plat'!$E$5:$E$596,MATCH($A9,'Ingrédients par plat'!$H$5:$H$596,0)),"") -> 2.5 | F9: =IFERROR(INDEX('Ingrédients par plat'!$G$5:$G$596,MATCH($A9,'Ingrédients par plat'!$H$5:$H$596,0)),"") -> 0.75
A10: 4 | B10: =IFERROR(INDEX('Ingrédients par plat'!$B$5:$B$596,MATCH($A10,'Ingrédients par plat'!$H$5:$H$596,0)),"") -> Courgettes | C10: =IFERROR(INDEX('Ingrédients par plat'!$C$5:$C$596,MATCH($A10,'Ingrédients par plat'!$H$5:$H$596,0)),"") -> 300 | D10: =IFERROR(INDEX('Ingrédients par plat'!$D$5:$D$596,MATCH($A10,'Ingrédients par plat'!$H$5:$H$596,0)),"") -> g | E10: =IFERROR(INDEX('Ingrédients par plat'!$E$5:$E$596,MATCH($A10,'Ingrédients par plat'!$H$5:$H$596,0)),"") -> 2 | F10: =IFERROR(INDEX('Ingrédients par plat'!$G$5:$G$596,MATCH($A10,'Ingrédients par plat'!$H$5:$H$596,0)),"") -> 0.6
A11: 5 | B11: =IFERROR(INDEX('Ingrédients par plat'!$B$5:$B$596,MATCH($A11,'Ingrédients par plat'!$H$5:$H$596,0)),"") -> Pommes de terre | C11: =IFERROR(INDEX('Ingrédients par plat'!$C$5:$C$596,MATCH($A11,'Ingrédients par plat'!$H$5:$H$596,0)),"") -> 400 | D11: =IFERROR(INDEX('Ingrédients par plat'!$D$5:$D$596,MATCH($A11,'Ingrédients par plat'!$H$5:$H$596,0)),"") -> g | E11: =IFERROR(INDEX('Ingrédients par plat'!$E$5:$E$596,MATCH($A11,'Ingrédients par plat'!$H$5:$H$596,0)),"") -> 2.5 | F11: =IFERROR(INDEX('Ingrédients par plat'!$G$5:$G$596,MATCH($A11,'Ingrédients par plat'!$H$5:$H$596,0)),"") -> 1
A12: 6 | B12: =IFERROR(INDEX('Ingrédients par plat'!$B$5:$B$596,MATCH($A12,'Ingrédients par plat'!$H$5:$H$596,0)),"") -> Oignons | C12: =IFERROR(INDEX('Ingrédients par plat'!$C$5:$C$596,MATCH($A12,'Ingrédients par plat'!$H$5:$H$596,0)),"") -> 100 | D12: =IFERROR(INDEX('Ingrédients par plat'!$D$5:$D$596,MATCH($A12,'Ingrédients par plat'!$H$5:$H$596,0)),"") -> g | E12: =IFERROR(INDEX('Ingrédients par plat'!$E$5:$E$596,MATCH($A12,'Ingrédients par plat'!$H$5:$H$596,0)),"") -> 1.2 | F12: =IFERROR(INDEX('Ingrédients par plat'!$G$5:$G$596,MATCH($A12,'Ingrédients par plat'!$H$5:$H$596,0)),"") -> 0.12
A13: 7 | B13: =IFERROR(INDEX('Ingrédients par plat'!$B$5:$B$596,MATCH($A13,'Ingrédients par plat'!$H$5:$H$596,0)),"") -> Piments verts | C13: =IFERROR(INDEX('Ingrédients par plat'!$C$5:$C$596,MATCH($A13,'Ingrédients par plat'!$H$5:$H$596,0)),"") -> 60 | D13: =IFERROR(INDEX('Ingrédients par plat'!$D$5:$D$596,MATCH($A13,'Ingrédients par plat'!$H$5:$H$596,0)),"") -> g | E13: =IFERROR(INDEX('Ingrédients par plat'!$E$5:$E$596,MATCH($A13,'Ingrédients par plat'!$H$5:$H$596,0)),"") -> 2.5 | F13: =IFERROR(INDEX('Ingrédients par plat'!$G$5:$G$596,MATCH($A13,'Ingrédients par plat'!$H$5:$H$596,0)),"") -> 0.15
A14: 8 | B14: =IFERROR(INDEX('Ingrédients par plat'!$B$5:$B$596,MATCH($A14,'Ingrédients par plat'!$H$5:$H$596,0)),"") -> Concentré de tomate | C14: =IFERROR(INDEX('Ingrédients par plat'!$C$5:$C$596,MATCH($A14,'Ingrédients par plat'!$H$5:$H$596,0)),"") -> 40 | D14: =IFERROR(INDEX('Ingrédients par plat'!$D$5:$D$596,MATCH($A14,'Ingrédients par plat'!$H$5:$H$596,0)),"") -> g | E14: =IFERROR(INDEX('Ingrédients par plat'!$E$5:$E$596,MATCH($A14,'Ingrédients par plat'!$H$5:$H$596,0)),"") -> 9 | F14: =IFERROR(INDEX('Ingrédients par plat'!$G$5:$G$596,MATCH($A14,'Ingrédients par plat'!$H$5:$H$596,0)),"") -> 0.36
A15: 9 | B15: =IFERROR(INDEX('Ingrédients par plat'!$B$5:$B$596,MATCH($A15,'Ingrédients par plat'!$H$5:$H$596,0)),"") -> Harissa | C15: =IFERROR(INDEX('Ingrédients par plat'!$C$5:$C$596,MATCH($A15,'Ingrédients par plat'!$H$5:$H$596,0)),"") -> 15 | D15: =IFERROR(INDEX('Ingrédients par plat'!$D$5:$D$596,MATCH($A15,'Ingrédients par plat'!$H$5:$H$596,0)),"") -> g | E15: =IFERROR(INDEX('Ingrédients par plat'!$E$5:$E$596,MATCH($A15,'Ingrédients par plat'!$H$5:$H$596,0)),"") -> 11 | F15: =IFERROR(INDEX('Ingrédients par plat'!$G$5:$G$596,MATCH($A15,'Ingrédients par plat'!$H$5:$H$596,0)),"") -> 0.165
A16: 10 | B16: =IFERROR(INDEX('Ingrédients par plat'!$B$5:$B$596,MATCH($A16,'Ingrédients par plat'!$H$5:$H$596,0)),"") -> Ail | C16: =IFERROR(INDEX('Ingrédients par plat'!$C$5:$C$596,MATCH($A16,'Ingrédients par plat'!$H$5:$H$596,0)),"") -> 20 | D16: =IFERROR(INDEX('Ingrédients par plat'!$D$5:$D$596,MATCH($A16,'Ingrédients par plat'!$H$5:$H$596,0)),"") -> g | E16: =IFERROR(INDEX('Ingrédients par plat'!$E$5:$E$596,MATCH($A16,'Ingrédients par plat'!$H$5:$H$596,0)),"") -> 15 | F16: =IFERROR(INDEX('Ingrédients par plat'!$G$5:$G$596,MATCH($A16,'Ingrédients par plat'!$H$5:$H$596,0)),"") -> 0.3
A17: 11 | B17: =IFERROR(INDEX('Ingrédients par plat'!$B$5:$B$596,MATCH($A17,'Ingrédients par plat'!$H$5:$H$596,0)),"") -> Curcuma | C17: =IFERROR(INDEX('Ingrédients par plat'!$C$5:$C$596,MATCH($A17,'Ingrédients par plat'!$H$5:$H$596,0)),"") -> 3 | D17: =IFERROR(INDEX('Ingrédients par plat'!$D$5:$D$596,MATCH($A17,'Ingrédients par plat'!$H$5:$H$596,0)),"") -> g | E17: =IFERROR(INDEX('Ingrédients par plat'!$E$5:$E$596,MATCH($A17,'Ingrédients par plat'!$H$5:$H$596,0)),"") -> 40 | F17: =IFERROR(INDEX('Ingrédients par plat'!$G$5:$G$596,MATCH($A17,'Ingrédients par plat'!$H$5:$H$596,0)),"") -> 0.12
A18: 12 | B18: =IFERROR(INDEX('Ingrédients par plat'!$B$5:$B$596,MATCH($A18,'Ingrédients par plat'!$H$5:$H$596,0)),"") -> Carvi | C18: =IFERROR(INDEX('Ingrédients par plat'!$C$5:$C$596,MATCH($A18,'Ingrédients par plat'!$H$5:$H$596,0)),"") -> 2.5 | D18: =IFERROR(INDEX('Ingrédients par plat'!$D$5:$D$596,MATCH($A18,'Ingrédients par plat'!$H$5:$H$596,0)),"") -> g | E18: =IFERROR(INDEX('Ingrédients par plat'!$E$5:$E$596,MATCH($A18,'Ingrédients par plat'!$H$5:$H$596,0)),"") -> 40 | F18: =IFERROR(INDEX('Ingrédients par plat'!$G$5:$G$596,MATCH($A18,'Ingrédients par plat'!$H$5:$H$596,0)),"") -> 0.1
... A36: 30 | B36: =IFERROR(INDEX('Ingrédients par plat'!$B$5:$B$596,MATCH($A36,'Ingrédients par plat'!$H$5:$H$596,0)),"") | C36: =IFERROR(INDEX('Ingrédients par plat'!$C$5:$C$596,MATCH($A36,'Ingrédients par plat'!$H$5:$H$596,0)),"") | D36: =IFERROR(INDEX('Ingrédients par plat'!$D$5:$D$596,MATCH($A36,'Ingrédients par plat'!$H$5:$H$596,0)),"") | E36: =IFERROR(INDEX('Ingrédients par plat'!$E$5:$E$596,MATCH($A36,'Ingrédients par plat'!$H$5:$H$596,0)),"") | F36: =IFERROR(INDEX('Ingrédients par plat'!$G$5:$G$596,MATCH($A36,'Ingrédients par plat'!$H$5:$H$596,0)),"")
B37: Coût total du plat | F37: =SUM(F7:F36) -> 29.5996
B38: Coût par personne (4 pers.) | F38: =F37/4 -> 7.3999

Sheet Liste des ingrédients
A1: Liste des ingrédients – Menu tunisien 14 jours (4 personnes)
A2: Prix en dinars tunisiens (DT), octobre 2026. Texte bleu = valeurs à modifier (quantité achetée, prix). Les coûts se recalculent automatiquement. * = prix estimé, à vérifier en magasin. Nouvel ingrédient : remplissez une ligne de « Autres ingrédients » (nom, quantité, unité kg / L / pièce, prix).
A4: Catégorie | B4: Ingrédient | C4: En tounsi | D4: Quantité (recettes) | E4: Jours | F4: Qté à acheter | G4: Unité | H4: Prix unitaire (DT) | I4: Estimation | J4: Coût (DT)
A5: Viandes, poissons et œufs
A6: Viandes, poissons et œufs | B6: Escalopes de poulet | C6: إسكالوب دجاج (escalope djej) | D6: 1,8 kg | E6: 7, 9, 10 | F6: 1.8 | G6: kg | H6: 19.4 | J6: =F6*H6 -> 34.92
A7: Viandes, poissons et œufs | B7: Cuisses de poulet | C7: فخاذ دجاج (fkhadh djej) | D7: 3,2 kg (12 cuisses) | E7: 3, 6, 12 | F7: 3.2 | G7: kg | H7: 14.9 | J7: =F7*H7 -> 47.68
A8: Viandes, poissons et œufs | B8: Morceaux de poulet (pilons, hauts de cuisse) | C8: طرف دجاج (traf djej) | D8: 1,4 kg | E8: 5, 11, 14 | F8: 1.4 | G8: kg | H8: 14.9 | J8: =F8*H8 -> 20.86
A9: Viandes, poissons et œufs | B9: Blanc de poulet | C9: صدر دجاج (sedr djej) | D9: 650 g | E9: 2, 8 | F9: 0.65 | G9: kg | H9: 19.4 | J9: =F9*H9 -> 12.61
A10: Viandes, poissons et œufs | B10: Poulet pour spaghetti | C10: دجاج (djej) | D10: 1 kg | E10: 4, 10 | F10: 1 | G10: kg | H10: 14.9 | J10: =F10*H10 -> 14.9
A11: Viandes, poissons et œufs | B11: Bœuf à mijoter | C11: لحم بقري (lham bagri) | D11: 1,3 kg | E11: 5, 9 | F11: 1.3 | G11: kg | H11: 47.5 | J11: =F11*H11 -> 61.75
A12: Viandes, poissons et œufs | B12: Agneau | C12: لحم علوش (lham 3allouch) | D12: 400 g | E12: 2 | F12: 0.4 | G12: kg | H12: 60 | J12: =F12*H12 -> 24
A13: Viandes, poissons et œufs | B13: Viande hachée | C13: لحم مرحي (lham mor7i) | D13: 300 g | E13: 7 | F13: 0.3 | G13: kg | H13: 45 | I13: * | J13: =F13*H13 -> 13.5
A14: Viandes, poissons et œufs | B14: Foie | C14: كبدة (kebda) | D14: 700 g | E14: 8, 14 | F14: 0.7 | G14: kg | H14: 45 | I14: * | J14: =F14*H14 -> 31.5
A15: Viandes, poissons et œufs | B15: Merguez | C15: مرقاز (mergaz) | D15: 500 g | E15: 3 | F15: 0.5 | G15: kg | H15: 40 | I15: * | J15: =F15*H15 -> 20
A16: Viandes, poissons et œufs | B16: Poisson à chair ferme (mérou, loup, dorade) | C16: حوت: مناني، قاروص، وراطة | D16: 1 kg | E16: 1 | F16: 1 | G16: kg | H16: 22 | J16: =F16*H16 -> 22
A17: Viandes, poissons et œufs | B17: Poisson blanc haché | C17: حوت أبيض مرحي (7out abyedh mor7i) | D17: 600 g | E17: 13 | F17: 0.6 | G17: kg | H17: 18 | I17: * | J17: =F17*H17 -> 10.8
A18: Viandes, poissons et œufs | B18: Thon en boîte (160 g) | C18: تن (ton) | D18: 960 g (6 boîtes) | E18: 1, 4, 5, 12, 14 | F18: 6 | G18: boîte | H18: 4.5 | I18: * | J18: =F18*H18 -> 27
A19: Viandes, poissons et œufs | B19: Œufs | C19: عظم (3dham) | D19: 3,3 kg (55 œufs) | E19: 1, 2, 3, 4, 5, 6, 8, 12, 13, 14 | F19: 55 | G19: œuf | H19: 0.3 | J19: =F19*H19 -> 16.5
A20: Viandes, poissons et œufs | B20: Fromage râpé | C20: فرماج مرحي (fromej mra7i) | D20: 360 g | E20: 2, 8, 12 | F20: 0.36 | G20: kg | H20: 30 | I20: * | J20: =F20*H20 -> 10.8
B21: Sous-total Viandes, poissons et œufs | J21: =SUBTOTAL(9,J6:J20) -> 368.82
A22: Légumes, herbes et fruits
A23: Légumes, herbes et fruits | B23: Pommes de terre | C23: بطاطا (batata) | D23: 5,7 kg | E23: 1, 2, 6, 7, 9, 11, 12, 13, 14 | F23: 5.7 | G23: kg | H23: 2.5 | J23: =F23*H23 -> 14.25
A24: Légumes, herbes et fruits | B24: Tomates | C24: طماطم (tmatem) | D24: 4,7 kg (≈35) | E24: 1, 3, 4, 5, 6, 7, 9, 10, 12, 13, 14 | F24: 4.7 | G24: kg | H24: 2 | J24: =F24*H24 -> 9.4
A25: Légumes, herbes et fruits | B25: Oignons | C25: بصل (bsal) | D25: 2,6 kg (26) | E25: tous sauf 13 | F25: 2.6 | G25: kg | H25: 1.2 | J25: =F25*H25 -> 3.12
A26: Légumes, herbes et fruits | B26: Ail | C26: ثوم (thoum) | D26: 370 g (74 gousses) | E26: tous | F26: 0.37 | G26: kg | H26: 15 | I26: * | J26: =F26*H26 -> 5.55
A27: Légumes, herbes et fruits | B27: Carottes | C27: سفنارية (sfenarya) | D27: 1,5 kg (15) | E27: 1, 7, 8, 11, 14 | F27: 1.5 | G27: kg | H27: 2.5 | J27: =F27*H27 -> 3.75
A28: Légumes, herbes et fruits | B28: Courgettes | C28: قرع (gar3) | D28: 1,8 kg (12) | E28: 1, 6, 7, 11, 14 | F28: 1.8 | G28: kg | H28: 2 | J28: =F28*H28 -> 3.6
A29: Légumes, herbes et fruits | B29: Poivrons | C29: فلفل حلو (felfel 7lou) | D29: 1,6 kg (16) | E29: 1, 3, 6, 13, 14 | F29: 1.6 | G29: kg | H29: 2.5 | J29: =F29*H29 -> 4
A30: Légumes, herbes et fruits | B30: Piments verts | C30: فلفل أخضر (felfel akhdhar) | D30: 500 g (16) | E30: 1, 4, 9, 10, 11, 12 | F30: 0.5 | G30: kg | H30: 2.5 | J30: =F30*H30 -> 1.25
A31: Légumes, herbes et fruits | B31: Piments forts | C31: فلفل حار (felfel 7arr) | D31: 80 g (5) | E31: 1, 3, 13 | F31: 0.08 | G31: kg | H31: 3.3 | J31: =F31*H31 -> 0.264
A32: Légumes, herbes et fruits | B32: Citrouille / potiron | C32: كابوية (kabouya) | D32: 900 g | E32: 6, 11, 14 | F32: 0.9 | G32: kg | H32: 1.5 | J32: =F32*H32 -> 1.35
A33: Légumes, herbes et fruits | B33: Concombres | C33: فقوس (fagous) | D33: 1,6 kg (8) | E33: 4, 5, 7, 9, 10, 12 | F33: 1.6 | G33: kg | H33: 2.5 | I33: * | J33: =F33*H33 -> 4
A34: Légumes, herbes et fruits | B34: Laitues | C34: خص (khass) | D34: 1,6 kg (4) | E34: 4, 7, 9, 10 | F34: 4 | G34: pièce | H34: 1 | I34: * | J34: =F34*H34 -> 4
A35: Légumes, herbes et fruits | B35: Épinards (ou blettes) | C35: سبناخ (sbenekh) / سلق (selg) | D35: 600 g | E35: 8 | F35: 0.6 | G35: kg | H35: 4 | J35: =F35*H35 -> 2.4
A36: Légumes, herbes et fruits | B36: Petits pois | C36: جلبانة (jelbana) | D36: 700 g | E36: 3, 7, 8 | F36: 0.7 | G36: kg | H36: 3.4 | J36: =F36*H36 -> 2.38
A37: Légumes, herbes et fruits | B37: Céleri | C37: كرافس (krafes) | D37: 200 g (4 branches) | E37: 2, 5, 11, 14 | F37: 1 | G37: botte | H37: 1 | I37: * | J37: =F37*H37 -> 1
A38: Légumes, herbes et fruits | B38: Persil | C38: معدنوس (ma3dnous) | D38: 300 g (5 bottes) | E38: 2 à 14 | F38: 5 | G38: botte | H38: 0.8 | J38: =F38*H38 -> 4
A39: Légumes, herbes et fruits | B39: Romarin ou thym | C39: إكليل (iklil) / زعتر (za3tar) | D39: 5 g (2 brins) | E39: 12 | F39: 1 | G39: botte | H39: 1 | I39: * | J39: =F39*H39 -> 1
A40: Légumes, herbes et fruits | B40: Citrons | C40: قارص (gares) | D40: 1,5 kg (15) | E40: 1, 2, 4, 5, 7, 9, 10, 11, 12, 13, 14 | F40: 1.5 | G40: kg | H40: 3 | I40: * | J40: =F40*H40 -> 4.5
B41: Sous-total Légumes, herbes et fruits | J41: =SUBTOTAL(9,J23:J40) -> 69.814
A42: Fruits (1 portion par personne et par jour)
A43: Fruits (1 portion par personne et par jour) | B43: Pommes | C43: تفاح (teffe7) | D43: 3 kg (≈20 pommes) | E43: dessert, collation | F43: 3 | G43: kg | H43: 3.99 | J43: =F43*H43 -> 11.97
A44: Fruits (1 portion par personne et par jour) | B44: Grenades | C44: رمان (rommen) | D44: 2 kg (≈6 grenades) | E44: dessert, collation | F44: 2 | G44: kg | H44: 3.99 | J44: =F44*H44 -> 7.98
A45: Fruits (1 portion par personne et par jour) | B45: Raisin | C45: عنب (3neb) | D45: 2 kg | E45: dessert, collation | F45: 2 | G45: kg | H45: 4.9 | J45: =F45*H45 -> 9.8
A46: Fruits (1 portion par personne et par jour) | B46: Bananes | C46: بنان (banan) | D46: 2 kg (≈12 bananes) | E46: dessert, collation | F46: 2 | G46: kg | H46: 7 | I46: * | J46: =F46*H46 -> 14
A47: Fruits (1 portion par personne et par jour) | B47: Dattes (Deglet Nour, branchées) | C47: دقلة (deglet nour) | D47: 1 kg | E47: dessert, collation | F47: 1 | G47: kg | H47: 5.17 | J47: =F47*H47 -> 5.17
B48: Sous-total Fruits (1 portion par personne et par jour) | J48: =SUBTOTAL(9,J43:J47) -> 48.92
A49: Féculents, pâtes et légumes secs
A50: Féculents, pâtes et légumes secs | B50: Couscous moyen | C50: كسكسي (kosksi) | D50: 1 kg | E50: 1, 11 | F50: 1 | G50: kg | H50: 3 | I50: * | J50: =F50*H50 -> 3
A51: Féculents, pâtes et légumes secs | B51: Spaghetti | C51: مقرونة سباقتي (makrouna spaghetti) | D51: 800 g | E51: 4, 10 | F51: 0.8 | G51: kg | H51: 3.1 | I51: * | J51: =F51*H51 -> 2.48
A52: Féculents, pâtes et légumes secs | B52: Riz (ou bulgur) | C52: روز (rouz) / برغل (borghol) | D52: 650 g | E52: 8, 13 | F52: 0.65 | G52: kg | H52: 5 | I52: * | J52: =F52*H52 -> 3.25
A53: Féculents, pâtes et légumes secs | B53: Pâtes d'orge (châer) | C53: شعير (ch3ir) | D53: 300 g | E53: 11, 14 | F53: 0.3 | G53: kg | H53: 3.3 | I53: * | J53: =F53*H53 -> 0.99
A54: Féculents, pâtes et légumes secs | B54: M'hamsa | C54: محمصة (m7amsa) | D54: 250 g | E54: 7 | F54: 0.25 | G54: kg | H54: 6 | I54: * | J54: =F54*H54 -> 1.5
A55: Féculents, pâtes et légumes secs | B55: Frik | C55: فريك (frik) | D55: 150 g | E55: 2 | F55: 0.15 | G55: kg | H55: 10 | I55: * | J55: =F55*H55 -> 1.5
A56: Féculents, pâtes et légumes secs | B56: Langues d'oiseaux | C56: لسان عصفور (lsan 3asfour) | D56: 120 g | E56: 5 | F56: 0.12 | G56: kg | H56: 4 | I56: * | J56: =F56*H56 -> 0.48
A57: Féculents, pâtes et légumes secs | B57: Pois chiches secs | C57: حمص (7ommos) | D57: 350 g | E57: 2, 7, 8, 11 | F57: 0.35 | G57: kg | H57: 6 | I57: * | J57: =F57*H57 -> 2.1
A58: Féculents, pâtes et légumes secs | B58: Haricots blancs secs | C58: لوبيا (loubya) | D58: 300 g | E58: 6 | F58: 0.3 | G58: kg | H58: 6 | I58: * | J58: =F58*H58 -> 1.8
A59: Féculents, pâtes et légumes secs | B59: Feuilles de malsouka | C59: ملسوقة (malsouka) | D59: 300 g (12 à 16 feuilles) | E59: 4, 12 | F59: 2 | G59: paquet | H59: 1.5 | I59: * | J59: =F59*H59 -> 3
A60: Féculents, pâtes et légumes secs | B60: Farine ou semoule fine | C60: فارينة (farina) / سميد رقيق (smid rgig) | D60: 500 g | E60: 1 | F60: 0.5 | G60: kg | H60: 1.2 | I60: * | J60: =F60*H60 -> 0.6
A61: Féculents, pâtes et légumes secs | B61: Levure boulangère | C61: خميرة (khmira) | D61: 7 g | E61: 1 | F61: 1 | G61: sachet | H61: 0.3 | I61: * | J61: =F61*H61 -> 0.3
... A64: Féculents, pâtes et légumes secs | B64: Poudre de mloukhia | C64: ملوخية (mloukhia) | D64: 100 g | E64: 5 | F64: 0.1 | G64: kg | H64: 40 | I64: * | J64: =F64*H64 -> 4
B65: Sous-total Féculents, pâtes et légumes secs | J65: =SUBTOTAL(9,J50:J64) -> 26.28
A66: Huiles, condiments et épices
A67: Huiles, condiments et épices | B67: Huile d'olive | C67: زيت زيتون (zit zitoun) | D67: 2,3 L | E67: tous | F67: 2.3 | G67: L | H67: 12.5 | J67: =F67*H67 -> 28.75
A68: Huiles, condiments et épices | B68: Huile de friture | C68: زيت نباتي (zit nabeti) | D68: 3,2 L | E68: 2, 4, 6, 7, 12, 13 | F68: 3.2 | G68: L | H68: 6 | I68: * | J68: =F68*H68 -> 19.2
A69: Huiles, condiments et épices | B69: Concentré de tomate | C69: طماطم معجون (tmatem m3ajna) | D69: 600 g | E69: tous sauf 12 | F69: 0.6 | G69: kg | H69: 9 | I69: * | J69: =F69*H69 -> 5.4
A70: Huiles, condiments et épices | B70: Harissa | C70: هريسة (harissa) | D70: 175 g | E70: 1, 3 à 11, 13 | F70: 0.175 | G70: kg | H70: 11 | I70: * | J70: =F70*H70 -> 1.925
A71: Huiles, condiments et épices | B71: Tabel (ou tabel-karwiya) | C71: تابل (tabel) | D71: 45 g | E71: 2 à 14 | F71: 0.045 | G71: kg | H71: 33 | I71: * | J71: =F71*H71 -> 1.485
A72: Huiles, condiments et épices | B72: Curcuma | C72: عقدة صفراء (3agda safra) | D72: 30 g | E72: 1, 2, 3, 5, 7, 8, 11, 12, 14 | F72: 0.03 | G72: kg | H72: 40 | I72: * | J72: =F72*H72 -> 1.2
A73: Huiles, condiments et épices | B73: Piment doux / paprika | C73: فلفل زينة (felfel zina) | D73: 25 g | E73: 2, 4, 6 à 10, 13, 14 | F73: 0.025 | G73: kg | H73: 40 | I73: * | J73: =F73*H73 -> 1
A74: Huiles, condiments et épices | B74: Carvi | C74: كروية (karwiya) | D74: 20 g | E74: 1, 2, 5, 6, 8, 9, 11, 13 | F74: 0.02 | G74: kg | H74: 40 | I74: * | J74: =F74*H74 -> 0.8
A75: Huiles, condiments et épices | B75: Menthe séchée | C75: نعناع شايح (na3na3 cheye7) | D75: 10 g | E75: 2, 5, 8, 11, 12, 14 | F75: 0.01 | G75: kg | H75: 50 | I75: * | J75: =F75*H75 -> 0.5
A76: Huiles, condiments et épices | B76: Cumin | C76: كمون (kammoun) | D76: 6 g | E76: 1, 13 | F76: 0.006 | G76: kg | H76: 50 | I76: * | J76: =F76*H76 -> 0.3
A77: Huiles, condiments et épices | B77: Laurier | C77: ورق رند (wra9 rand) | D77: 2 g (7 feuilles) | E77: 5, 6, 9 | F77: 1 | G77: forfait | H77: 0.2 | I77: * | J77: =F77*H77 -> 0.2
A78: Huiles, condiments et épices | B78: Câpres (facultatif) | C78: كبار (kabbar) | D78: 10 g | E78: 4 | F78: 0.01 | G78: kg | H78: 30 | I78: * | J78: =F78*H78 -> 0.3
A79: Huiles, condiments et épices | B79: Sel | C79: ملح (mel7) | D79: 250 g | E79: tous | F79: 0.25 | G79: kg | H79: 0.8 | I79: * | J79: =F79*H79 -> 0.2
A80: Huiles, condiments et épices | B80: Poivre noir | C80: فلفل أكحل (felfel ak7el) | D80: 30 g | E80: tous | F80: 0.03 | G80: kg | H80: 50 | I80: * | J80: =F80*H80 -> 1.5
B81: Sous-total Huiles, condiments et épices | J81: =SUBTOTAL(9,J67:J80) -> 62.76
A82: Autres ingrédients (à compléter pour un nouveau plat)
A83: Autres ingrédients (à compléter pour un nouveau plat) | J83: =F83*H83 -> 0
A84: Autres ingrédients (à compléter pour un nouveau plat) | J84: =F84*H84 -> 0
A85: Autres ingrédients (à compléter pour un nouveau plat) | J85: =F85*H85 -> 0
A86: Autres ingrédients (à compléter pour un nouveau plat) | J86: =F86*H86 -> 0
A87: Autres ingrédients (à compléter pour un nouveau plat) | J87: =F87*H87 -> 0
A88: Autres ingrédients (à compléter pour un nouveau plat) | J88: =F88*H88 -> 0
A89: Autres ingrédients (à compléter pour un nouveau plat) | J89: =F89*H89 -> 0
A90: Autres ingrédients (à compléter pour un nouveau plat) | J90: =F90*H90 -> 0
A91: Autres ingrédients (à compléter pour un nouveau plat) | J91: =F91*H91 -> 0
A92: Autres ingrédients (à compléter pour un nouveau plat) | J92: =F92*H92 -> 0
A93: Autres ingrédients (à compléter pour un nouveau plat) | J93: =F93*H93 -> 0
A94: Autres ingrédients (à compléter pour un nouveau plat) | J94: =F94*H94 -> 0
... A97: Autres ingrédients (à compléter pour un nouveau plat) | J97: =F97*H97 -> 0
B98: Sous-total Autres ingrédients (à compléter pour un nouveau plat) | J98: =SUBTOTAL(9,J83:J97) -> 0
B99: TOTAL GÉNÉRAL | J99: =SUBTOTAL(9,J5:J98) -> 576.594
B100: Coût par personne et par jour (4 pers. × 14 jours) | J100: =J99/(4*14) -> 10.296321
A102: Hypothèses du total : poulet dans les spaghetti, foie au Jour 14, œufs au Jour 6, pas d'agneau au Jour 11. Voir l'onglet « Options ».

Sheet Hygiène & entretien
A1: Produits d'hygiène et d'entretien – 4 personnes, 14 jours
A2: Prix Géant Drive Tunis City (octobre 2026). Colonne « Acheter ? » : Oui ou Non. Pour ajouter un produit, remplissez une ligne jaune « Autres produits ». Les articles retenus vont automatiquement dans l’onglet « Liste des courses ». * = prix estimé.
A4: Catégorie | B4: Produit | C4: En tounsi | D4: Format | E4: Acheter ? | F4: Qté | G4: Prix unitaire (DT) | H4: Estimation | I4: Coût (DT) | J4: n°
A5: Hygiène corporelle
A6: Hygiène corporelle | B6: Savon de toilette | C6: صابون (saboun) | D6: pain de 100 g | E6: Oui | F6: 4 | G6: 1.8 | I6: =IF(E6="Oui",N(F6)*N(G6),0) -> 7.2 | J6: =IF(AND(B6<>"",E6="Oui",N(F6)>0),MAX(J$4:J5)+1,"") -> 1
A7: Hygiène corporelle | B7: Savon liquide pour les mains | C7: صابون سائل (saboun sayel) | D7: flacon 1 L | E7: Oui | F7: 1 | G7: 8.99 | I7: =IF(E7="Oui",N(F7)*N(G7),0) -> 8.99 | J7: =IF(AND(B7<>"",E7="Oui",N(F7)>0),MAX(J$4:J6)+1,"") -> 2
A8: Hygiène corporelle | B8: Shampooing 2 en 1 | C8: شامبوان (shampoing) | D8: flacon 400 ml | E8: Oui | F8: 2 | G8: 5.65 | I8: =IF(E8="Oui",N(F8)*N(G8),0) -> 11.3 | J8: =IF(AND(B8<>"",E8="Oui",N(F8)>0),MAX(J$4:J7)+1,"") -> 3
A9: Hygiène corporelle | B9: Dentifrice | C9: معجون سنين (ma3joun snin) | D9: tube 75 ml | E9: Oui | F9: 2 | G9: 2.99 | I9: =IF(E9="Oui",N(F9)*N(G9),0) -> 5.98 | J9: =IF(AND(B9<>"",E9="Oui",N(F9)>0),MAX(J$4:J8)+1,"") -> 4
A10: Hygiène corporelle | B10: Brosses à dents | C10: فرشة سنين (forchet snin) | D10: pièce | E10: Oui | F10: 4 | G10: 1.59 | I10: =IF(E10="Oui",N(F10)*N(G10),0) -> 6.36 | J10: =IF(AND(B10<>"",E10="Oui",N(F10)>0),MAX(J$4:J9)+1,"") -> 5
A11: Hygiène corporelle | B11: Papier hygiénique | C11: كاغط توالات (kaghet twalet) | D11: paquet de 12 rouleaux | E11: Oui | F11: 2 | G11: 8.99 | I11: =IF(E11="Oui",N(F11)*N(G11),0) -> 17.98 | J11: =IF(AND(B11<>"",E11="Oui",N(F11)>0),MAX(J$4:J10)+1,"") -> 6
A12: Hygiène corporelle | B12: Déodorant | C12: ديودوران (déodorant) | D12: flacon 150 ml | E12: Oui | F12: 2 | G12: 7 | H12: * | I12: =IF(E12="Oui",N(F12)*N(G12),0) -> 14 | J12: =IF(AND(B12<>"",E12="Oui",N(F12)>0),MAX(J$4:J11)+1,"") -> 7
A13: Hygiène corporelle | B13: Serviettes hygiéniques (selon besoin) | C13: فوطة صحية (fouta si77iya) | D13: paquet | E13: Oui | F13: 2 | G13: 4.5 | H13: * | I13: =IF(E13="Oui",N(F13)*N(G13),0) -> 9 | J13: =IF(AND(B13<>"",E13="Oui",N(F13)>0),MAX(J$4:J12)+1,"") -> 8
A14: Hygiène corporelle | B14: Gel antibactérien | C14: جال معقم (gel m3aqqem) | D14: flacon 125 ml | E14: Oui | F14: 1 | G14: 3.69 | I14: =IF(E14="Oui",N(F14)*N(G14),0) -> 3.69 | J14: =IF(AND(B14<>"",E14="Oui",N(F14)>0),MAX(J$4:J13)+1,"") -> 9
B15: Sous-total Hygiène corporelle | I15: =SUBTOTAL(9,I6:I14) -> 84.5
A16: Entretien de la maison
A17: Entretien de la maison | B17: Liquide vaisselle | C17: صابون ماعون (saboun ma3oun) | D17: flacon 960 ml | E17: Oui | F17: 2 | G17: 6.69 | I17: =IF(E17="Oui",N(F17)*N(G17),0) -> 13.38 | J17: =IF(AND(B17<>"",E17="Oui",N(F17)>0),MAX(J$4:J16)+1,"") -> 10
A18: Entretien de la maison | B18: Eau de javel | C18: جافال (javel) | D18: bidon 3 L | E18: Oui | F18: 1 | G18: 5.35 | I18: =IF(E18="Oui",N(F18)*N(G18),0) -> 5.35 | J18: =IF(AND(B18<>"",E18="Oui",N(F18)>0),MAX(J$4:J17)+1,"") -> 11
A19: Entretien de la maison | B19: Nettoyant sol | C19: صابون القاعة (saboun el gaa3a) | D19: bidon 3 L | E19: Oui | F19: 1 | G19: 6.62 | I19: =IF(E19="Oui",N(F19)*N(G19),0) -> 6.62 | J19: =IF(AND(B19<>"",E19="Oui",N(F19)>0),MAX(J$4:J18)+1,"") -> 12
A20: Entretien de la maison | B20: Lessive en poudre (machine) | C20: صابون ماكينة (saboun makina) | D20: paquet | E20: Oui | F20: 1 | G20: 21.79 | I20: =IF(E20="Oui",N(F20)*N(G20),0) -> 21.79 | J20: =IF(AND(B20<>"",E20="Oui",N(F20)>0),MAX(J$4:J19)+1,"") -> 13
A21: Entretien de la maison | B21: Éponges | C21: سفنجة (sfenja) | D21: pièce | E21: Oui | F21: 4 | G21: 0.69 | I21: =IF(E21="Oui",N(F21)*N(G21),0) -> 2.76 | J21: =IF(AND(B21<>"",E21="Oui",N(F21)>0),MAX(J$4:J20)+1,"") -> 14
A22: Entretien de la maison | B22: Sacs poubelle 70 L | C22: ساشيات زبلة (sachiet zebla) | D22: rouleau de 10 | E22: Oui | F22: 3 | G22: 2.15 | I22: =IF(E22="Oui",N(F22)*N(G22),0) -> 6.45 | J22: =IF(AND(B22<>"",E22="Oui",N(F22)>0),MAX(J$4:J21)+1,"") -> 15
A23: Entretien de la maison | B23: Serviettes de table | C23: محارم (m7arem) | D23: paquet de 90 | E23: Oui | F23: 1 | G23: 3.06 | I23: =IF(E23="Oui",N(F23)*N(G23),0) -> 3.06 | J23: =IF(AND(B23<>"",E23="Oui",N(F23)>0),MAX(J$4:J22)+1,"") -> 16
B24: Sous-total Entretien de la maison | I24: =SUBTOTAL(9,I17:I23) -> 59.41
A25: Autres produits (à compléter)
A26: Autres produits (à compléter) | E26: Oui | I26: =IF(E26="Oui",N(F26)*N(G26),0) -> 0 | J26: =IF(AND(B26<>"",E26="Oui",N(F26)>0),MAX(J$4:J25)+1,"")
A27: Autres produits (à compléter) | E27: Oui | I27: =IF(E27="Oui",N(F27)*N(G27),0) -> 0 | J27: =IF(AND(B27<>"",E27="Oui",N(F27)>0),MAX(J$4:J26)+1,"")
A28: Autres produits (à compléter) | E28: Oui | I28: =IF(E28="Oui",N(F28)*N(G28),0) -> 0 | J28: =IF(AND(B28<>"",E28="Oui",N(F28)>0),MAX(J$4:J27)+1,"")
A29: Autres produits (à compléter) | E29: Oui | I29: =IF(E29="Oui",N(F29)*N(G29),0) -> 0 | J29: =IF(AND(B29<>"",E29="Oui",N(F29)>0),MAX(J$4:J28)+1,"")
A30: Autres produits (à compléter) | E30: Oui | I30: =IF(E30="Oui",N(F30)*N(G30),0) -> 0 | J30: =IF(AND(B30<>"",E30="Oui",N(F30)>0),MAX(J$4:J29)+1,"")
A31: Autres produits (à compléter) | E31: Oui | I31: =IF(E31="Oui",N(F31)*N(G31),0) -> 0 | J31: =IF(AND(B31<>"",E31="Oui",N(F31)>0),MAX(J$4:J30)+1,"")
A32: Autres produits (à compléter) | E32: Oui | I32: =IF(E32="Oui",N(F32)*N(G32),0) -> 0 | J32: =IF(AND(B32<>"",E32="Oui",N(F32)>0),MAX(J$4:J31)+1,"")
A33: Autres produits (à compléter) | E33: Oui | I33: =IF(E33="Oui",N(F33)*N(G33),0) -> 0 | J33: =IF(AND(B33<>"",E33="Oui",N(F33)>0),MAX(J$4:J32)+1,"")
A34: Autres produits (à compléter) | E34: Oui | I34: =IF(E34="Oui",N(F34)*N(G34),0) -> 0 | J34: =IF(AND(B34<>"",E34="Oui",N(F34)>0),MAX(J$4:J33)+1,"")
A35: Autres produits (à compléter) | E35: Oui | I35: =IF(E35="Oui",N(F35)*N(G35),0) -> 0 | J35: =IF(AND(B35<>"",E35="Oui",N(F35)>0),MAX(J$4:J34)+1,"")
B36: Sous-total Autres produits (à compléter) | I36: =SUBTOTAL(9,I26:I35) -> 0
B37: TOTAL HYGIÈNE & ENTRETIEN (articles à acheter) | I37: =SUBTOTAL(9,I5:I36) -> 143.91

Sheet Options
A1: Options (non incluses dans le total)
A3: Option | B3: Ajouter | C3: Qté | D3: Unité | E3: Prix (DT) | F3: Retirer | G3: Qté | H3: Unité | I3: Prix (DT) | J3: Écart (DT)
A4: Agneau au couscous du Jour 11 | B4: Agneau | C4: 0.5 | D4: kg | E4: 60 | F4: — | G4: 0 | H4: kg | I4: 0 | J4: =C4*E4-G4*I4 -> 30
A5: Merguez au lieu du foie au Jour 14 | B5: Merguez | C5: 0.6 | D5: kg | E5: 40 | F5: Foie | G5: 0.5 | H5: kg | I5: 45 | J5: =C5*E5-G5*I5 -> 1.5
A6: Thon au lieu des œufs au Jour 6 | B6: Thon (boîte) | C6: 1 | D6: boîte | E6: 4.5 | F6: Œufs | G6: 4 | H6: œuf | I6: 0.3 | J6: =C6*E6-G6*I6 -> 3.3
A7: Bœuf au lieu du poulet (spaghetti) | B7: Bœuf | C7: 1 | D7: kg | E7: 47.5 | F7: Poulet | G7: 1 | H7: kg | I7: 14.9 | J7: =C7*E7-G7*I7 -> 32.6
A8: Escalopes panées (Jours 7, 9, 10) | B8: Farine + chapelure (≈450 g) + 6 œufs | C8: 1 | D8: forfait | E8: 5.4 | F8: — | G8: 0 | H8: kg | I8: 0 | J8: =C8*E8-G8*I8 -> 5.4
A10: Prix « Escalopes panées » estimé : farine 150 g, chapelure 300 g, 6 œufs.

Sheet Sources
A1: Sources des prix (sans astérisque)
A3: Donnée | B3: Source | C3: Lien
A4: Poulet prêt à cuire et plafond escalope, 29/09/2026 | B4: Directinfo | C4: https://directinfo.webmanagercenter.com/2026/09/29/poulet-escalope-oeufs-pas-de-penurie-annoncee-en-tunisie/
A5: Cuisse 14,9 DT, escalope 19,4 DT, dorade 22 DT – Sfax, 15/09/2026 | B5: Tunisie Numérique | C5: https://www.tunisienumerique.com/prix-alimentaires-a-sfax-le-point-sur-les-marches-ce-mardi-photosvideo/
A6: Bœuf 45–50 DT, agneau ≈60 DT, 14/10/2026 | B6: Business News | C6: https://businessnews.com.tn/2026/10/14/viande-rouge-le-kilo-dagneau-a-80-dinars-le-spectre-dune-nouvelle-flambee-avant-ramadan/1422974/
A7: Légumes au Marché Central de Tunis, août 2026 | B7: allAfrica / La Presse | C7: https://fr.allafrica.com/stories/202608200427.html
A8: Légumes frais (épinards, piment fort) | B8: Géant Drive Tunis City | C8: https://www.geantdrive.tn/tunis-city/162-legumes-frais
A9: Huile d'olive 1 L PET 12,5 DT | B9: Uthina | C9: https://www.uthina.com.tn/categorie-produit/huile-dolive/
A10: Œufs ≈1200 millimes les 4 | B10: La Presse | C10: https://www.lapresse.tn/?p=255326
A11: Pommes, grenades 3,99 DT/kg, dattes branchées 5,17 DT/kg | B11: Géant Drive Tunis City | C11: https://www.geantdrive.tn/tunis-city/165-fruits
A12: Raisin 4,9 DT/kg – Sfax, 15/09/2026 | B12: Tunisie Numérique | C12: https://www.tunisienumerique.com/prix-alimentaires-a-sfax-le-point-sur-les-marches-ce-mardi-photosvideo/
A13: Baisse annoncée de 1 DT/kg sur pommes et poires, 22/10/2026 | B13: Directinfo | C13: https://directinfo.webmanagercenter.com/2026/10/22/tunisie-une-baisse-annoncee-des-prix-de-la-volaille-des-fruits-et-des-poissons
A14: Petits pois 3,4 DT – Sfax, 12/05/2026 | B14: Tunisie Numérique | C14: https://www.tunisienumerique.com/alimentation-a-sfax-quels-sont-les-prix-du-jour-au-marche-photosvideo-28/
A15: Hygiène et entretien (savon, shampooing, dentifrice, papier, javel, vaisselle, lessive…) | B15: Géant Drive Tunis City | C15: https://www.geantdrive.tn/tunis-city/340-droguerie-et-entretien

Sheet Listes
A1: Escalopes de poulet | B1: =Plats!I5 -> Jour 1 Déjeuner – Couscous au poisson | C1: Oui | E1: =IF(A1="",0,SUMIFS('Ingrédients par plat'!$C$5:$C$596,'Ingrédients par plat'!$B$5:$B$596,A1,'Ingrédients par plat'!$I$5:$I$596,"Oui")) -> 1800 | F1: =IF(E1>0,COUNTIF(E$1:E1,">0"),"") -> 1
A2: Cuisses de poulet | B2: =Plats!I6 -> Jour 1 Dîner – Salade méchouia + thon, œufs + pain maison | C2: Non | E2: =IF(A2="",0,SUMIFS('Ingrédients par plat'!$C$5:$C$596,'Ingrédients par plat'!$B$5:$B$596,A2,'Ingrédients par plat'!$I$5:$I$596,"Oui")) -> 3100 | F2: =IF(E2>0,COUNTIF(E$1:E2,">0"),"") -> 2
A3: Morceaux de poulet (pilons, hauts de cuisse) | B3: =Plats!I7 -> Jour 2 Déjeuner – Tajine tunisien au poulet | E3: =IF(A3="",0,SUMIFS('Ingrédients par plat'!$C$5:$C$596,'Ingrédients par plat'!$B$5:$B$596,A3,'Ingrédients par plat'!$I$5:$I$596,"Oui")) -> 1400 | F3: =IF(E3>0,COUNTIF(E$1:E3,">0"),"") -> 3
A4: Blanc de poulet | B4: =Plats!I8 -> Jour 2 Dîner – Chorba frik | E4: =IF(A4="",0,SUMIFS('Ingrédients par plat'!$C$5:$C$596,'Ingrédients par plat'!$B$5:$B$596,A4,'Ingrédients par plat'!$I$5:$I$596,"Oui")) -> 650 | F4: =IF(E4>0,COUNTIF(E$1:E4,">0"),"") -> 4
A5: Poulet pour spaghetti | B5: =Plats!I9 -> Jour 3 Déjeuner – Marqa jelbana bel djedj | E5: =IF(A5="",0,SUMIFS('Ingrédients par plat'!$C$5:$C$596,'Ingrédients par plat'!$B$5:$B$596,A5,'Ingrédients par plat'!$I$5:$I$596,"Oui")) -> 1000 | F5: =IF(E5>0,COUNTIF(E$1:E5,">0"),"") -> 5
A6: Bœuf à mijoter | B6: =Plats!I10 -> Jour 3 Dîner – Ojja merguez + pain | E6: =IF(A6="",0,SUMIFS('Ingrédients par plat'!$C$5:$C$596,'Ingrédients par plat'!$B$5:$B$596,A6,'Ingrédients par plat'!$I$5:$I$596,"Oui")) -> 1300 | F6: =IF(E6>0,COUNTIF(E$1:E6,">0"),"") -> 6
A7: Agneau | B7: =Plats!I11 -> Jour 4 Déjeuner – Spaghetti tunisien | E7: =IF(A7="",0,SUMIFS('Ingrédients par plat'!$C$5:$C$596,'Ingrédients par plat'!$B$5:$B$596,A7,'Ingrédients par plat'!$I$5:$I$596,"Oui")) -> 400 | F7: =IF(E7>0,COUNTIF(E$1:E7,">0"),"") -> 7
A8: Viande hachée | B8: =Plats!I12 -> Jour 4 Dîner – Bricks au thon + salade verte | E8: =IF(A8="",0,SUMIFS('Ingrédients par plat'!$C$5:$C$596,'Ingrédients par plat'!$B$5:$B$596,A8,'Ingrédients par plat'!$I$5:$I$596,"Oui")) -> 300 | F8: =IF(E8>0,COUNTIF(E$1:E8,">0"),"") -> 8
A9: Foie | B9: =Plats!I13 -> Jour 5 Déjeuner – Mloukhia | E9: =IF(A9="",0,SUMIFS('Ingrédients par plat'!$C$5:$C$596,'Ingrédients par plat'!$B$5:$B$596,A9,'Ingrédients par plat'!$I$5:$I$596,"Oui")) -> 700 | F9: =IF(E9>0,COUNTIF(E$1:E9,">0"),"") -> 9
A10: Merguez | B10: =Plats!I14 -> Jour 5 Dîner – Chorba langues d'oiseaux + salade tunisienne | E10: =IF(A10="",0,SUMIFS('Ingrédients par plat'!$C$5:$C$596,'Ingrédients par plat'!$B$5:$B$596,A10,'Ingrédients par plat'!$I$5:$I$596,"Oui")) -> 500 | F10: =IF(E10>0,COUNTIF(E$1:E10,">0"),"") -> 10
A11: Poisson à chair ferme (mérou, loup, dorade) | B11: =Plats!I15 -> Jour 6 Déjeuner – Marqa loubya bel djedj | E11: =IF(A11="",0,SUMIFS('Ingrédients par plat'!$C$5:$C$596,'Ingrédients par plat'!$B$5:$B$596,A11,'Ingrédients par plat'!$I$5:$I$596,"Oui")) -> 1000 | F11: =IF(E11>0,COUNTIF(E$1:E11,">0"),"") -> 11
A12: Poisson blanc haché | B12: =Plats!I16 -> Jour 6 Dîner – Kefteji | E12: =IF(A12="",0,SUMIFS('Ingrédients par plat'!$C$5:$C$596,'Ingrédients par plat'!$B$5:$B$596,A12,'Ingrédients par plat'!$I$5:$I$596,"Oui")) -> 600 | F12: =IF(E12>0,COUNTIF(E$1:E12,">0"),"") -> 12
A13: Thon en boîte (160 g) | B13: =Plats!I17 -> Jour 7 Déjeuner – M'hamsa | E13: =IF(A13="",0,SUMIFS('Ingrédients par plat'!$C$5:$C$596,'Ingrédients par plat'!$B$5:$B$596,A13,'Ingrédients par plat'!$I$5:$I$596,"Oui")) -> 6 | F13: =IF(E13>0,COUNTIF(E$1:E13,">0"),"") -> 13
A14: Œufs | B14: =Plats!I18 -> Jour 7 Dîner – Salade + escalope + frites | E14: =IF(A14="",0,SUMIFS('Ingrédients par plat'!$C$5:$C$596,'Ingrédients par plat'!$B$5:$B$596,A14,'Ingrédients par plat'!$I$5:$I$596,"Oui")) -> 55 | F14: =IF(E14>0,COUNTIF(E$1:E14,">0"),"") -> 14
... A44: Frik | B44: =Plats!I48 | E44: =IF(A44="",0,SUMIFS('Ingrédients par plat'!$C$5:$C$596,'Ingrédients par plat'!$B$5:$B$596,A44,'Ingrédients par plat'!$I$5:$I$596,"Oui")) -> 150 | F44: =IF(E44>0,COUNTIF(E$1:E44,">0"),"") -> 44
A45: Langues d'oiseaux | E45: =IF(A45="",0,SUMIFS('Ingrédients par plat'!$C$5:$C$596,'Ingrédients par plat'!$B$5:$B$596,A45,'Ingrédients par plat'!$I$5:$I$596,"Oui")) -> 120 | F45: =IF(E45>0,COUNTIF(E$1:E45,">0"),"") -> 45
A46: Pois chiches secs | E46: =IF(A46="",0,SUMIFS('Ingrédients par plat'!$C$5:$C$596,'Ingrédients par plat'!$B$5:$B$596,A46,'Ingrédients par plat'!$I$5:$I$596,"Oui")) -> 350 | F46: =IF(E46>0,COUNTIF(E$1:E46,">0"),"") -> 46
A47: Haricots blancs secs | E47: =IF(A47="",0,SUMIFS('Ingrédients par plat'!$C$5:$C$596,'Ingrédients par plat'!$B$5:$B$596,A47,'Ingrédients par plat'!$I$5:$I$596,"Oui")) -> 300 | F47: =IF(E47>0,COUNTIF(E$1:E47,">0"),"") -> 47
A48: Feuilles de malsouka | E48: =IF(A48="",0,SUMIFS('Ingrédients par plat'!$C$5:$C$596,'Ingrédients par plat'!$B$5:$B$596,A48,'Ingrédients par plat'!$I$5:$I$596,"Oui")) -> 1.75 | F48: =IF(E48>0,COUNTIF(E$1:E48,">0"),"") -> 48
A49: Farine ou semoule fine | E49: =IF(A49="",0,SUMIFS('Ingrédients par plat'!$C$5:$C$596,'Ingrédients par plat'!$B$5:$B$596,A49,'Ingrédients par plat'!$I$5:$I$596,"Oui")) -> 500 | F49: =IF(E49>0,COUNTIF(E$1:E49,">0"),"") -> 49
A50: Levure boulangère | E50: =IF(A50="",0,SUMIFS('Ingrédients par plat'!$C$5:$C$596,'Ingrédients par plat'!$B$5:$B$596,A50,'Ingrédients par plat'!$I$5:$I$596,"Oui")) -> 1 | F50: =IF(E50>0,COUNTIF(E$1:E50,">0"),"") -> 50
A51: Chapelure | E51: =IF(A51="",0,SUMIFS('Ingrédients par plat'!$C$5:$C$596,'Ingrédients par plat'!$B$5:$B$596,A51,'Ingrédients par plat'!$I$5:$I$596,"Oui")) -> 60 | F51: =IF(E51>0,COUNTIF(E$1:E51,">0"),"") -> 51
A52: Pain (baguettes ou tabouna) | E52: =IF(A52="",0,SUMIFS('Ingrédients par plat'!$C$5:$C$596,'Ingrédients par plat'!$B$5:$B$596,A52,'Ingrédients par plat'!$I$5:$I$596,"Oui")) -> 4 | F52: =IF(E52>0,COUNTIF(E$1:E52,">0"),"") -> 52
A53: Poudre de mloukhia | E53: =IF(A53="",0,SUMIFS('Ingrédients par plat'!$C$5:$C$596,'Ingrédients par plat'!$B$5:$B$596,A53,'Ingrédients par plat'!$I$5:$I$596,"Oui")) -> 100 | F53: =IF(E53>0,COUNTIF(E$1:E53,">0"),"") -> 53
A54: Huile d'olive | E54: =IF(A54="",0,SUMIFS('Ingrédients par plat'!$C$5:$C$596,'Ingrédients par plat'!$B$5:$B$596,A54,'Ingrédients par plat'!$I$5:$I$596,"Oui")) -> 2270 | F54: =IF(E54>0,COUNTIF(E$1:E54,">0"),"") -> 54
A55: Huile de friture | E55: =IF(A55="",0,SUMIFS('Ingrédients par plat'!$C$5:$C$596,'Ingrédients par plat'!$B$5:$B$596,A55,'Ingrédients par plat'!$I$5:$I$596,"Oui")) -> 3200 | F55: =IF(E55>0,COUNTIF(E$1:E55,">0"),"") -> 55
A56: Concentré de tomate | E56: =IF(A56="",0,SUMIFS('Ingrédients par plat'!$C$5:$C$596,'Ingrédients par plat'!$B$5:$B$596,A56,'Ingrédients par plat'!$I$5:$I$596,"Oui")) -> 600 | F56: =IF(E56>0,COUNTIF(E$1:E56,">0"),"") -> 56
... A67: Poivre noir | E67: =IF(A67="",0,SUMIFS('Ingrédients par plat'!$C$5:$C$596,'Ingrédients par plat'!$B$5:$B$596,A67,'Ingrédients par plat'!$I$5:$I$596,"Oui")) -> 29.5 | F67: =IF(E67>0,COUNTIF(E$1:E67,">0"),"") -> 67
A68: =IF('Liste des ingrédients'!B83="","",'Liste des ingrédients'!B83) | E68: =IF(A68="",0,SUMIFS('Ingrédients par plat'!$C$5:$C$596,'Ingrédients par plat'!$B$5:$B$596,A68,'Ingrédients par plat'!$I$5:$I$596,"Oui")) -> 0 | F68: =IF(E68>0,COUNTIF(E$1:E68,">0"),"")
A69: =IF('Liste des ingrédients'!B84="","",'Liste des ingrédients'!B84) | E69: =IF(A69="",0,SUMIFS('Ingrédients par plat'!$C$5:$C$596,'Ingrédients par plat'!$B$5:$B$596,A69,'Ingrédients par plat'!$I$5:$I$596,"Oui")) -> 0 | F69: =IF(E69>0,COUNTIF(E$1:E69,">0"),"")
A70: =IF('Liste des ingrédients'!B85="","",'Liste des ingrédients'!B85) | E70: =IF(A70="",0,SUMIFS('Ingrédients par plat'!$C$5:$C$596,'Ingrédients par plat'!$B$5:$B$596,A70,'Ingrédients par plat'!$I$5:$I$596,"Oui")) -> 0 | F70: =IF(E70>0,COUNTIF(E$1:E70,">0"),"")
A71: =IF('Liste des ingrédients'!B86="","",'Liste des ingrédients'!B86) | E71: =IF(A71="",0,SUMIFS('Ingrédients par plat'!$C$5:$C$596,'Ingrédients par plat'!$B$5:$B$596,A71,'Ingrédients par plat'!$I$5:$I$596,"Oui")) -> 0 | F71: =IF(E71>0,COUNTIF(E$1:E71,">0"),"")
A72: =IF('Liste des ingrédients'!B87="","",'Liste des ingrédients'!B87) | E72: =IF(A72="",0,SUMIFS('Ingrédients par plat'!$C$5:$C$596,'Ingrédients par plat'!$B$5:$B$596,A72,'Ingrédients par plat'!$I$5:$I$596,"Oui")) -> 0 | F72: =IF(E72>0,COUNTIF(E$1:E72,">0"),"")
A73: =IF('Liste des ingrédients'!B88="","",'Liste des ingrédients'!B88) | E73: =IF(A73="",0,SUMIFS('Ingrédients par plat'!$C$5:$C$596,'Ingrédients par plat'!$B$5:$B$596,A73,'Ingrédients par plat'!$I$5:$I$596,"Oui")) -> 0 | F73: =IF(E73>0,COUNTIF(E$1:E73,">0"),"")
A74: =IF('Liste des ingrédients'!B89="","",'Liste des ingrédients'!B89) | E74: =IF(A74="",0,SUMIFS('Ingrédients par plat'!$C$5:$C$596,'Ingrédients par plat'!$B$5:$B$596,A74,'Ingrédients par plat'!$I$5:$I$596,"Oui")) -> 0 | F74: =IF(E74>0,COUNTIF(E$1:E74,">0"),"")
A75: =IF('Liste des ingrédients'!B90="","",'Liste des ingrédients'!B90) | E75: =IF(A75="",0,SUMIFS('Ingrédients par plat'!$C$5:$C$596,'Ingrédients par plat'!$B$5:$B$596,A75,'Ingrédients par plat'!$I$5:$I$596,"Oui")) -> 0 | F75: =IF(E75>0,COUNTIF(E$1:E75,">0"),"")
A76: =IF('Liste des ingrédients'!B91="","",'Liste des ingrédients'!B91) | E76: =IF(A76="",0,SUMIFS('Ingrédients par plat'!$C$5:$C$596,'Ingrédients par plat'!$B$5:$B$596,A76,'Ingrédients par plat'!$I$5:$I$596,"Oui")) -> 0 | F76: =IF(E76>0,COUNTIF(E$1:E76,">0"),"")
A77: =IF('Liste des ingrédients'!B92="","",'Liste des ingrédients'!B92) | E77: =IF(A77="",0,SUMIFS('Ingrédients par plat'!$C$5:$C$596,'Ingrédients par plat'!$B$5:$B$596,A77,'Ingrédients par plat'!$I$5:$I$596,"Oui")) -> 0 | F77: =IF(E77>0,COUNTIF(E$1:E77,">0"),"")
A78: =IF('Liste des ingrédients'!B93="","",'Liste des ingrédients'!B93) | E78: =IF(A78="",0,SUMIFS('Ingrédients par plat'!$C$5:$C$596,'Ingrédients par plat'!$B$5:$B$596,A78,'Ingrédients par plat'!$I$5:$I$596,"Oui")) -> 0 | F78: =IF(E78>0,COUNTIF(E$1:E78,">0"),"")
A79: =IF('Liste des ingrédients'!B94="","",'Liste des ingrédients'!B94) | E79: =IF(A79="",0,SUMIFS('Ingrédients par plat'!$C$5:$C$596,'Ingrédients par plat'!$B$5:$B$596,A79,'Ingrédients par plat'!$I$5:$I$596,"Oui")) -> 0 | F79: =IF(E79>0,COUNTIF(E$1:E79,">0"),"")
... A82: =IF('Liste des ingrédients'!B97="","",'Liste des ingrédients'!B97) | E82: =IF(A82="",0,SUMIFS('Ingrédients par plat'!$C$5:$C$596,'Ingrédients par plat'!$B$5:$B$596,A82,'Ingrédients par plat'!$I$5:$I$596,"Oui")) -> 0 | F82: =IF(E82>0,COUNTIF(E$1:E82,">0"),"")
